School ID,School Name,Latitude,Longitude,Student Count,Low Income Student Count,Graduation Rate,Atttendance Rate Current Year,Address State,Address Street,Address Zip Code,Is High School,Is Middle School,Is Elementarty School,Is Pre School
609925,Joseph Kellman Corporate Community ES,41.870168,-87.702163,211,197,,91.4,Illinois,3030 W ARTHINGTON St,60612,False,True,True,True
610529,Ogden International High School,41.893548,-87.659405,503,342,92.7,84.8,Illinois,1250 W ERIE St,60642,True,False,False,False
609907,Leif Ericson Elementary Scholastic Academy,41.875744,-87.715804,310,281,,90.9,Illinois,3600 W 5TH Ave,60624,False,True,True,True
400115,Catalyst - Maria Charter School,41.770992,-87.693075,528,503,87.1,91.3,Illinois,6727 S CALIFORNIA Ave,60629,True,True,True,False
610200,James N Thorp Elementary School,41.733324,-87.54428,321,310,,87.7,Illinois,8914 S BUFFALO Ave,60617,False,True,True,True
400117,Noble - Hansberry College Prep,41.734442,-87.650987,500,427,87.3,86.5,Illinois,8748 S ABERDEEN St,60620,True,False,False,False
610520,LaSalle II Magnet Elementary School,41.902914,-87.673696,594,219,,93.6,Illinois,1148 N HONORE St,60622,False,True,True,True
609804,Mosaic School of Fine Arts,42.003412,-87.697463,762,694,,90.0,Illinois,6710 N WASHTENAW Ave,60645,False,True,True,True
609973,Emiliano Zapata Elementary Academy,41.841394,-87.734313,512,471,,91.4,Illinois,2728 S KOSTNER Ave,60623,False,True,True,True
400141,YCCS-Truman Middle College HS,41.965295,-87.659239,164,122,,51.4,Illinois,1145 W WILSON Ave,60640,True,False,False,False
609857,Grover Cleveland Elementary School,41.952042,-87.706443,511,389,,90.6,Illinois,3121 W BYRON St,60618,False,True,True,True
609733,Roger C Sullivan High School,42.002688,-87.669192,724,470,72.2,75.3,Illinois,6631 N BOSWORTH Ave,60626,True,False,False,False
400167,Horizon Science Academy Southwest Chicago Charter,41.795201,-87.683963,707,619,89.3,91.8,Illinois,5401 S WESTERN Ave,60609,True,True,True,False
609852,Eliza Chappell Elementary School,41.975894,-87.683264,598,208,,92.6,Illinois,2135 W FOSTER Ave,60625,False,True,True,True
609952,Nathanael Greene Elementary School,41.829669,-87.671492,336,279,,91.8,Illinois,3525 S HONORE St,60609,False,False,True,True
610523,Edison Park Elementary School,41.994238,-87.813771,408,59,,93.0,Illinois,6220 N OLCOTT Ave,60631,False,True,True,False
610054,John L Marsh Elementary School,41.716588,-87.552483,629,540,,91.0,Illinois,9822 S EXCHANGE Ave,60617,False,True,True,True
610274,James Weldon Johnson STEAM Elementary School,41.861836,-87.703139,218,215,,89.9,Illinois,1420 S ALBANY Ave,60623,False,True,True,True
610276,Irvin C Mollison Elementary School,41.814358,-87.616618,251,212,,85.1,Illinois,4415 S DR MARTIN L KING JR Dr,60653,False,True,True,True
609789,John Barry Elementary School,41.932511,-87.739388,471,423,,90.0,Illinois,2828 N KILBOURN Ave,60641,False,False,True,True
610146,Paul Revere Elementary School,41.764196,-87.600177,191,171,,88.5,Illinois,1010 E 72ND St,60619,False,True,True,True
610250,Ruben Salazar Elementary Bilingual Center,41.901417,-87.633632,318,293,,88.1,Illinois,160 W WENDELL St,60610,False,True,True,True
609796,Jean Baptiste Beaubien Elementary School,41.972394,-87.757565,1007,420,,92.4,Illinois,5025 N LARAMIE Ave,60630,False,True,True,True
400062,Perspectives - High School of Technology,41.745949,-87.650657,304,291,73.3,81.5,Illinois,8522 S LAFAYETTE Ave,60620-1308,True,False,False,False
610128,Marcus Moziah Garvey Elementary School,41.706603,-87.647577,258,243,,90.8,Illinois,10309 S MORGAN St,60643,False,True,True,True
609865,Jordan Elementary Community School,42.017088,-87.677763,519,468,,90.2,Illinois,7414 N WOLCOTT Ave,60626,False,True,True,True
400144,YCCS-West HS,41.90224,-87.74881,97,90,,63.6,Illinois,4909 W DIVISION St,60651,True,False,False,False
609938,Joseph E Gary Elementary School,41.837065,-87.718697,710,677,,91.6,Illinois,3740 W 31ST St,60623,False,True,True,True
610369,Mahalia Jackson Elementary School,41.734125,-87.646767,320,277,,89.2,Illinois,917 W 88TH St,60620,False,True,True,True
400143,YCCS-West Town Acad Alternative HS,41.890803,-87.702053,116,103,,55.0,Illinois,500 N SACRAMENTO Blvd,60612,True,False,False,False
400033,CICS - Longwood,41.721221,-87.655768,1117,967,76.0,88.2,Illinois,1309 W 95TH St,60643,True,True,True,False
610091,Ronald Brown Elementary Community Academy,41.664873,-87.638958,281,268,,92.3,Illinois,12607 S UNION Ave,60628,False,True,True,True
609704,David G Farragut Career Academy High School,41.84856,-87.708706,413,394,77.6,70.4,Illinois,2345 S CHRISTIANA Ave,60623,True,False,False,False
610108,Luke O'Toole Elementary School,41.774571,-87.674865,348,309,,89.0,Illinois,6550 S SEELEY Ave,60636,False,True,True,True
610234,Richard Yates Elementary School,41.915039,-87.70028,271,231,,90.2,Illinois,1839 N RICHMOND St,60647,False,True,True,True
609904,Edward K Ellington Elementary School,41.88553,-87.766589,546,501,,88.3,Illinois,243 N PARKSIDE Ave,60644,False,True,True,True
610105,Oriole Park Elementary School,41.978501,-87.812054,609,167,,92.4,Illinois,5424 N OKETO Ave,60656,False,True,True,True
609786,Avalon Park Elementary School,41.748247,-87.591654,230,204,,88.7,Illinois,8045 S KENWOOD Ave,60619,False,True,True,True
610040,Henry D Lloyd Elementary School,41.918814,-87.748515,851,791,,90.3,Illinois,2103 N LAMON Ave,60639,False,False,True,True
610592,Englewood STEM High School,41.770251,-87.639061,604,505,,71.5,Illinois,6835 S NORMAL ,60621-2535,True,False,False,False
609986,Charles R Henderson Elementary School,41.790591,-87.671887,265,188,,89.8,Illinois,5650 S WOLCOTT Ave,60636,False,True,True,True
609918,Eugene Field Elementary School,42.009664,-87.669985,151,141,,91.5,Illinois,7019 N ASHLAND Ave,60626,False,True,True,False
400061,Perspectives - Leadership Academy,41.745961,-87.652045,816,771,81.7,84.5,Illinois,8522 S LAFAYETTE Ave,60620-1308,True,True,True,False
609919,John Fiske Elementary School,41.785183,-87.608633,391,307,,87.1,Illinois,6020 S LANGLEY Ave,60637,False,True,True,True
610157,Sidney Sawyer Elementary School,41.797498,-87.705006,908,872,,90.3,Illinois,5248 S SAWYER Ave,60632,False,True,True,True
610017,Maria Saucedo STEAM Magnet Academy,41.847941,-87.697316,927,848,,90.2,Illinois,2850 W 24TH Blvd,60623,False,True,True,True
610271,Jensen Elementary Scholastic Academy,41.873815,-87.702241,260,250,,92.7,Illinois,3030 W HARRISON St,60612,False,True,True,True
609693,George Westinghouse College Prep,41.889977,-87.707332,1195,727,96.5,86.2,Illinois,3223 W FRANKLIN Blvd,60624,True,False,False,False
610006,Edward N Hurley Elementary School,41.766785,-87.719541,744,665,,91.5,Illinois,3849 W 69TH Pl,60629,False,True,True,True
400024,CICS - Basil,41.794043,-87.670243,510,479,,89.3,Illinois,1816 W GARFIELD Blvd,60609,False,True,True,False
610097,William P Nixon Elementary School,41.919581,-87.73142,686,656,,90.1,Illinois,2121 N KEELER Ave,60639,False,False,True,True
400054,Noble - Pritzker College Prep,41.915214,-87.730127,981,923,95.9,90.2,Illinois,4131 W CORTLAND St,60639,True,False,False,False
609859,DeWitt Clinton Elementary School,41.992541,-87.69836,1088,960,,90.7,Illinois,6110 N FAIRFIELD Ave,60659,False,True,True,True
610004,Countee Cullen Elementary School,41.700335,-87.611244,171,166,,93.0,Illinois,10650 S EBERHART Ave,60628,False,True,True,False
610133,Laura S Ward Elementary School,41.893236,-87.718797,304,276,,86.2,Illinois,646 N LAWNDALE Ave,60624,False,True,True,True
400135,YCCS-Latino Youth Alternative HS,41.854665,-87.69543,153,133,,62.3,Illinois,2001 S CALIFORNIA Ave,60608,True,False,False,False
610394,Uplift Community High School,41.965547,-87.652473,212,148,70.0,78.9,Illinois,900 W WILSON Ave,60640,True,False,False,False
609682,Ellen H Richards Career Academy High School,41.802881,-87.662278,327,306,76.9,76.2,Illinois,5009 S LAFLIN St,60609,True,False,False,False
610029,Rodolfo Lozano Bilingual & International Ctr ES,41.908886,-87.665093,247,164,,88.0,Illinois,1501 N GREENVIEW Ave,60642,False,True,True,True
609791,Perkins Bass Elementary School,41.774246,-87.653532,296,282,,88.0,Illinois,1140 W 66TH St,60621,False,True,True,True
609808,Alex Haley Elementary Academy,41.68666,-87.633632,463,458,,91.0,Illinois,11411 S EGGLESTON Ave,60628,False,True,True,True
610364,William E B Dubois Elementary School,41.653733,-87.61432,198,189,,91.9,Illinois,330 E 133RD St,60827,False,True,True,True
610132,Edgar Allan Poe Elementary Classical School,41.70263,-87.606419,224,80,,95.3,Illinois,10538 S LANGLEY Ave,60628,False,True,True,False
400056,Noble - Rowe-Clark Math and Science Academy,41.895362,-87.718047,308,294,85.0,81.4,Illinois,3645 W CHICAGO Ave,60651,True,False,False,False
609883,Charles S Deneen Elementary School,41.76249,-87.623345,473,436,,90.1,Illinois,7240 S WABASH Ave,60619,False,True,True,True
610144,Frank W Reilly Elementary School,41.941094,-87.719541,544,389,,92.4,Illinois,3650 W SCHOOL St,60618,False,True,True,True
400053,Noble - Golder College Prep,41.895282,-87.664483,626,558,88.7,87.0,Illinois,1454 W SUPERIOR St,60642,True,False,False,False
609798,Hiram H Belding Elementary School,41.958938,-87.73402,611,294,,92.1,Illinois,4257 N TRIPP Ave,60641,False,True,True,True
610131,Ambrose Plamondon Elementary School,41.860259,-87.692526,96,83,,90.7,Illinois,2642 W 15TH Pl,60608,False,True,True,False
400021,Catalyst Elementary Charter School - Circle Rock,41.882322,-87.765322,498,416,,91.8,Illinois,5608 W WASHINGTON Blvd,60644,False,True,True,False
610163,Frederick Stock Elementary School,42.016892,-87.814195,228,48,,,Illinois,7507 W BIRCHWOOD Ave,60631,False,False,False,True
610041,Josephine C Locke Elementary School,41.931762,-87.795604,1098,961,,89.9,Illinois,2828 N OAK PARK Ave,60634,False,True,True,True
609971,John Harvard Elementary School of Excellence,41.757341,-87.632737,329,311,,89.9,Illinois,7525 S HARVARD ,60620,False,True,True,True
609966,Charles G Hammond Elementary School,41.852719,-87.696243,260,253,,89.4,Illinois,2819 W 21ST Pl,60623,False,True,True,True
610015,Joseph Jungman STEM Magnet Elementary School,41.858065,-87.652302,315,237,,89.6,Illinois,1746 S MILLER St,60608,False,True,True,True
400118,Noble - DRW College Prep,41.869328,-87.711654,295,241,80.7,75.6,Illinois,931 S HOMAN Ave,60624,True,False,False,False
609764,Benito Juarez Community Academy High School,41.852667,-87.663732,1484,1257,86.6,76.4,Illinois,1450 W CERMAK Rd,60608-4408,True,False,False,False
609924,Fort Dearborn Elementary School,41.729673,-87.655481,308,236,,89.2,Illinois,9025 S THROOP St,60620,False,True,True,True
400125,"YCCS-ASPIRA,Antonia Pantoja Alternative HS",41.938187,-87.727137,174,141,,67.0,Illinois,3121 N PULASKI Rd,60641,True,False,False,False
610199,Johnnie Colemon Elementary Academy,41.677505,-87.658111,164,129,,92.2,Illinois,1441 W 119TH St,60643,False,True,True,True
610385,Multicultural Arts High School,41.835282,-87.735283,273,257,63.5,72.8,Illinois,3120 S KOSTNER Ave,60623,True,False,False,False
610559,James Shields Middle School,41.806491,-87.68978,330,319,,89.4,Illinois,2611 W 48TH St,60632,False,True,True,False
400147,Chicago Excel Academy HS,41.691953,-87.654248,268,233,24.1,72.1,Illinois,1257 W 111TH St,60643,True,False,False,False
610107,James Otis Elementary School,41.891806,-87.665426,339,287,,88.6,Illinois,525 N ARMOUR St,60642,False,True,True,True
610504,Velma F Thomas Early Childhood Center,41.827775,-87.677542,145,92,,,Illinois,3625 S HOYNE Ave,60609,False,False,False,True
609729,Carl Schurz High School,41.946365,-87.735612,1118,1005,82.4,76.7,Illinois,3601 N MILWAUKEE Ave,60641,True,False,False,False
609715,Thomas Kelly College Preparatory,41.818729,-87.694639,1593,1502,77.1,78.6,Illinois,4136 S CALIFORNIA Ave,60632,True,False,False,False
609790,Clara Barton Elementary School,41.754194,-87.670927,428,392,,88.9,Illinois,7650 S WOLCOTT Ave,60620,False,True,True,True
609740,Wells Community Academy High School,41.898995,-87.667483,311,235,78.4,75.0,Illinois,936 N ASHLAND Ave,60622,True,False,False,False
610202,George W Tilton Elementary School,41.884102,-87.730566,258,212,,87.8,Illinois,223 N KEELER Ave,60624,False,True,True,True
609753,Chicago High School for Agricultural Sciences,41.691221,-87.71777,757,435,79.7,91.0,Illinois,3857 W 111TH St,60655-4009,True,False,False,False
610039,Carl von Linne Elementary School,41.940009,-87.702635,677,348,,93.2,Illinois,3221 N SACRAMENTO Ave,60618,False,True,True,True
610044,James Russell Lowell Elementary School,41.90652,-87.710217,319,284,,89.3,Illinois,3320 W HIRSCH St,60651,False,True,True,True
610110,Ida B Wells Preparatory Elementary Academy,41.827355,-87.61978,294,255,,90.6,Illinois,249 E 37TH St,60653,False,True,True,True
609871,Barbara Vick Early Childhood & Family Center,41.688191,-87.685677,455,216,,,Illinois,2554 W 113TH St,60655,False,False,False,True
400162,Intrinsic Charter School,41.938988,-87.741129,968,882,92.9,88.6,Illinois,4540 W BELMONT Ave,60641,True,True,False,False
609983,James Hedges Elementary School,41.807112,-87.673327,510,478,,91.3,Illinois,4747 S WINCHESTER Ave,60609,False,True,True,True
400076,University of Chicago - North Kenwood/Oakland,41.811183,-87.598786,304,242,,90.8,Illinois,1119 E 46TH St,60653,False,False,True,False
610102,Richard J Oglesby Elementary School,41.75467,-87.645469,281,229,,88.9,Illinois,7646 S GREEN St,60620,False,True,True,True
609956,Robert L Grimes Elementary School,41.775464,-87.758803,376,280,,91.2,Illinois,5450 W 64TH Pl,60638,False,True,True,True
610594,Pathways in Education - Humboldt Park,41.902841,-87.687946,150,132,,76.7,IL,2421 W DIVISION ,60622-2941,True,False,False,False
610238,Carrie Jacobs Bond Elementary School,41.765361,-87.653018,240,228,,88.6,Illinois,7050 S MAY St,60621,False,True,True,True
610548,STEM Magnet Academy,41.868576,-87.664969,398,202,,95.1,Illinois,1522 W FILLMORE St,60607,False,True,True,False
609751,Dr  Martin Luther King  Jr  College Prep HS,41.813675,-87.603874,785,647,91.4,90.9,Illinois,4445 S DREXEL Blvd,60653,True,False,False,False
609821,Burnham Elementary Inclusive Academy,41.714402,-87.567131,382,371,,89.9,Illinois,9928 S CRANDON Ave,60617,False,True,True,True
609937,John W Garvy Elementary School,41.976352,-87.796235,733,274,,92.2,Illinois,5225 N OAK PARK Ave,60656,False,True,True,False
400156,Noble - Butler College Prep,41.706667,-87.602573,648,578,89.9,85.9,Illinois,821 E 103RD St,60628,True,False,False,False
609832,Michael M Byrne Elementary School,41.795031,-87.791544,604,296,,90.9,Illinois,5329 S OAK PARK Ave,60638,False,True,True,False
610329,Orozco Fine Arts & Sciences Elementary School,41.857755,-87.67521,282,206,,94.6,Illinois,1940 W 18TH St,60608,False,True,True,True
610096,Florence Nightingale Elementary School,41.797714,-87.689139,921,839,,92.2,Illinois,5250 S ROCKWELL St,60632,False,True,True,True
610380,Daniel Hale Williams Prep School of Medicine,41.806118,-87.62503,68,53,78.6,86.2,Illinois,4934 S WABASH Ave,60615,True,False,False,False
609727,Wendell Phillips Academy High School,41.82388,-87.619796,401,299,75.2,63.5,Illinois,244 E PERSHING Rd,60653,True,False,False,False
609674,Chicago Vocational Career Academy High School,41.737174,-87.573268,591,556,78.1,80.6,Illinois,2100 E 87TH St,60617,True,False,False,False
400146,KIPP Academy Chicago Campus,41.891816,-87.746614,639,605,,88.7,Illinois,4818 W OHIO St,60644,False,True,True,False
610565,Excel Academy of Englewood,41.763896,-87.649124,264,192,23.3,70.7,Illinois,7141 S MORGAN ,60621-5000,True,True,False,False
610141,Ravenswood Elementary School,41.960746,-87.670922,515,158,,92.7,Illinois,4332 N PAULINA St,60613,False,True,True,True
609835,Daniel R Cameron Elementary School,41.903792,-87.717927,660,648,,93.1,Illinois,1234 N MONTICELLO Ave,60651,False,True,True,True
610051,Northwest Middle School,41.920555,-87.757854,529,479,,88.6,Illinois,5252 W PALMER St,60639,False,True,True,False
609996,Charles N Holden Elementary School,41.838027,-87.653792,411,303,,91.3,Illinois,1104 W 31ST St,60608,False,True,True,True
400048,L.E.A.R.N. - Excel Campus,41.874687,-87.686568,375,352,,88.8,Illinois,3021 W CARROLL Ave,60612,False,False,True,False
610257,Morton School of Excellence,41.889178,-87.705108,277,220,,89.6,Illinois,431 N TROY St,60612,False,True,True,True
400105,Urban Prep Academy for Young Men - Bronzeville,41.831118,-87.613629,145,124,92.1,90.2,Illinois,521 E 35TH St,60616,True,False,False,False
610005,Charles Evans Hughes Elementary School,41.860518,-87.731777,180,153,,88.8,Illinois,4247 W 15TH St,60623,False,True,True,True
400060,Asian Human Services - Passages Charter School,41.983371,-87.67116,353,303,,89.7,Illinois,1643 W BRYN MAWR Ave,60660,False,True,True,False
610533,Dr Jorge Prieto Math and Science,41.921318,-87.765781,739,660,,91.6,Illinois,2231 N CENTRAL Ave,60639,False,True,True,True
610135,Portage Park Elementary School,41.956988,-87.761007,944,644,,90.8,Illinois,5330 W BERTEAU Ave,60641,False,True,True,True
400025,CICS - Bucktown,41.922415,-87.681358,524,369,,89.8,Illinois,2235 N HAMILTON Ave,60647,False,True,True,False
610067,Francis M McKay Elementary School,41.768143,-87.691787,641,620,,89.6,Illinois,6901 S FAIRFIELD Ave,60629,False,True,True,True
610325,Avondale-Logandale Elementary School,41.93397,-87.708041,460,419,,90.7,Illinois,3212 W GEORGE St,60618,False,True,True,True
400089,Acero Charter Schools - Officer Donald J. Marquez,41.808309,-87.697394,511,477,,92.1,Illinois,2916 W 47TH St,60632,False,True,True,False
610279,Henry O Tanner Elementary School,41.760673,-87.606791,270,261,,86.8,Illinois,7350 S EVANS Ave,60619,False,True,True,True
610220,Thomas J Waters Elementary School,41.964165,-87.691433,696,160,,93.2,Illinois,4540 N CAMPBELL Ave,60625,False,True,True,True
609853,Salmon P Chase Elementary School,41.917993,-87.694562,423,237,,90.7,Illinois,2021 N POINT St,60647,False,True,True,True
400120,Acero Charter Schools - Roberto Clemente,41.917952,-87.78783,461,382,,92.2,Illinois,2050 N NATCHEZ Ave,60707,False,True,True,False
610229,A.N. Pritzker School,41.907053,-87.677761,683,180,,93.8,Illinois,2009 W SCHILLER St,60622,False,True,True,True
609985,Helen M Hefferan Elementary School,41.878665,-87.735802,232,212,,86.8,Illinois,4409 W WILCOX St,60624,False,True,True,True
400011,Alain Locke Charter School,41.877248,-87.705235,342,303,,90.1,Illinois,3141 W JACKSON Blvd,60612,False,True,True,False
610016,Kate S Kellogg Elementary School,41.725263,-87.677233,302,96,,95.0,Illinois,9241 S LEAVITT St,60643-6318,False,True,True,False
610032,Wendell E Green Elementary School,41.719292,-87.6525,268,195,,91.9,Illinois,1150 W 96TH St,60643,False,True,True,True
609917,Fernwood Elementary School,41.711184,-87.640414,271,248,,92.6,Illinois,10041 S UNION Ave,60628,False,True,True,True
610183,Spencer Technology Academy,41.884876,-87.750445,430,422,,85.6,Illinois,214 N LAVERGNE Ave,60644,False,True,True,True
400055,Noble - Rauner College Prep,41.892425,-87.660859,546,463,87.8,86.9,Illinois,1337 W OHIO St,60642,True,False,False,False
610249,Talman Elementary School,41.794048,-87.690261,339,303,,90.4,Illinois,5450 S TALMAN Ave,60632,False,True,True,True
609949,William P Gray Elementary School,41.948764,-87.757116,987,782,,90.7,Illinois,3730 N LARAMIE Ave,60641,False,True,True,True
610295,Thomas J Higgins Elementary Community Academy,41.681031,-87.646994,253,238,,89.6,Illinois,11710 S MORGAN St,60643,False,True,True,True
610597,The Virtual Academy High School,41.8627144,-87.6601387,306,222,,,Illinois,1326 W 14TH ,60608-1410,True,False,False,False
609997,Oliver Wendell Holmes Elementary School,41.793788,-87.649795,169,163,,87.4,Illinois,955 W GARFIELD Blvd,60621,False,True,True,True
610086,Mount Vernon Elementary School,41.701952,-87.647652,261,215,,89.6,Illinois,10540 S MORGAN St,60643,False,True,True,True
610103,Isabelle C O'Keeffe Elementary School,41.768602,-87.572806,600,516,,89.6,Illinois,6940 S MERRILL Ave,60649,False,True,True,True
610225,John Whistler Elementary School,41.683907,-87.655384,236,215,,90.7,Illinois,11533 S ADA St,60643,False,True,True,True
609977,Woodlawn Community Elementary School,41.773366,-87.594392,172,157,,90.6,Illinois,6657 S KIMBARK Ave,60637,False,False,True,True
610124,Harold Washington Elementary School,41.728534,-87.596257,269,255,,91.6,Illinois,9130 S UNIVERSITY Ave,60619,False,True,True,True
610300,Oliver S Westcott Elementary School,41.748868,-87.634751,406,323,,89.2,Illinois,409 W 80TH St,60620,False,True,True,True
609695,Roald Amundsen High School,41.975067,-87.679484,1391,509,89.5,85.6,Illinois,5110 N DAMEN Ave,60625,True,False,False,False
609861,Henry R Clissold Elementary School,41.693026,-87.680897,516,209,,91.6,Illinois,2350 W 110TH Pl,60643,False,True,True,True
609873,Crown Community Academy of Fine Arts Center ES,41.852663,-87.71247,101,91,,92.5,Illinois,2128 S SAINT LOUIS Ave,60623,False,True,True,False
609879,Charles Gates Dawes Elementary School,41.745078,-87.717353,934,891,,91.0,Illinois,3810 W 81ST Pl,60652,False,True,True,True
609864,John W Cook Elementary School,41.745237,-87.659775,336,238,,91.8,Illinois,8150 S BISHOP St,60620,False,True,True,True
610076,Bernhard Moos Elementary School,41.912505,-87.696941,431,298,,90.6,Illinois,1711 N CALIFORNIA Ave,60647,False,True,True,True
610082,Mount Greenwood Elementary School,41.695734,-87.70581,1176,198,,94.4,Illinois,10841 S HOMAN Ave,60655,False,True,True,True
609961,Ninos Heroes Elementary Academic Center,41.743753,-87.551862,313,283,,88.1,Illinois,8344 S COMMERCIAL Ave,60617,False,True,True,True
609922,Belmont-Cragin Elementary School,41.92095,-87.757343,528,421,,91.4,Illinois,6112 W FULLERTON Ave,60639-2705,False,True,True,True
610084,Annie Keller Regional Gifted Center,41.69717,-87.697278,222,87,,95.9,Illinois,3020 W 108TH St,60655,False,True,True,False
400176,Excel Academy Southwest,41.765929,-87.69073,184,162,46.7,73.8,Illinois,7050 S WASHTENAW Ave,60629-1924,True,True,False,False
610056,Roswell B Mason Elementary School,41.856864,-87.731672,244,226,,87.2,Illinois,4217 W 18TH St,60623,False,True,True,True
609730,Nicholas Senn High School,41.989029,-87.667136,1488,1112,88.8,78.1,Illinois,5900 N GLENWOOD Ave,60660,True,False,False,False
609988,Patrick Henry Elementary School,41.958989,-87.715632,448,398,,91.4,Illinois,4250 N SAINT LOUIS Ave,60618,False,True,True,True
610180,John M Smyth Elementary School,41.865351,-87.653445,372,318,,87.4,Illinois,1059 W 13TH St,60608,False,True,True,True
609995,Rufus M Hitch Elementary School,41.983672,-87.779123,490,255,,92.8,Illinois,5625 N MCVICKER Ave,60646,False,True,True,True
610196,George B Swift Elementary Specialty School,41.989139,-87.658296,526,447,,91.1,Illinois,5900 N WINTHROP Ave,60660,False,True,True,True
610137,Ernst Prussing Elementary School,41.965619,-87.772414,646,425,,90.6,Illinois,4650 N MENARD Ave,60630,False,True,True,False
610237,Ludwig Van Beethoven Elementary School,41.809135,-87.627137,339,306,,86.0,Illinois,25 W 47TH St,60609,False,True,True,True
609863,Ruth Bader Ginsburg Elementary School,41.899566,-87.681938,263,168,,93.0,Illinois,1003 N LEAVITT St,60622,False,True,True,True
400116,The Montessori School of Englewood Charter,41.774572,-87.676147,354,349,,89.6,Illinois,6936 S HERMITAGE Ave,60636-3333,False,True,True,False
609954,John Milton Gregory Elementary School,41.870742,-87.718666,300,274,,92.5,Illinois,3715 W POLK St,60624,False,True,True,True
610048,George Manierre Elementary School,41.908247,-87.639827,279,275,,82.3,Illinois,1420 N HUDSON Ave,60610,False,True,True,True
609842,Rachel Carson Elementary School,41.793272,-87.6878,718,615,,93.2,Illinois,5516 S MAPLEWOOD Ave,60629,False,True,True,True
610073,Ellen Mitchell Elementary School,41.892082,-87.683185,437,138,,93.7,Illinois,2233 W OHIO St,60612,False,True,True,True
609792,Newton Bateman Elementary School,41.95822,-87.702151,895,509,,92.8,Illinois,4220 N RICHMOND St,60618,False,True,True,True
609885,Dewey Elementary Academy of Fine Arts,41.795646,-87.642652,283,273,,91.7,Illinois,5415 S UNION Ave,60609,False,True,True,True
609749,Northside College Preparatory High School,41.981315,-87.708708,1058,386,97.5,92.4,Illinois,5501 N KEDZIE Ave,60625,True,False,False,False
400009,Academy for Global Citizenship Charter School,41.807579,-87.740097,488,290,,92.3,Illinois,4942 W 44TH St,60638-1959,False,True,True,False
609780,Marine Leadership Academy at Ames,41.916045,-87.721742,524,436,93.8,84.4,Illinois,1920 N HAMLIN Ave,60647,True,True,False,False
610384,Infinity Math Science and Technology High School,41.836169,-87.735278,406,377,92.6,89.3,Illinois,3120 S KOSTNER Ave,60623,True,False,False,False
610589,Sor Juana Ines de la Cruz ES,41.789597,-87.72638,544,268,,94.0,Illinois,4034 W 56TH ,60629-4442,False,True,True,True
609732,Charles P Steinmetz College Preparatory HS,41.935634,-87.783515,1055,911,79.0,75.4,Illinois,3030 N MOBILE Ave,60634,True,False,False,False
610291,Richard Henry Lee Elementary School,41.775305,-87.728884,586,534,,91.7,Illinois,6448 S TRIPP Ave,60629,False,True,True,False
610513,Air Force Academy High School,41.828145,-87.632757,130,115,90.0,86.9,Illinois,3630 S WELLS St,60609,True,False,False,False
610173,Jesse Sherwood Elementary School,41.7908,-87.632279,218,200,,91.7,Illinois,245 W 57TH St,60621,False,True,True,True
610282,Ronald E McNair Elementary School,41.897819,-87.746731,336,300,,90.4,Illinois,4820 W WALTON St,60651,False,True,True,True
609708,Edwin G. Foreman College and Career Academy,41.939797,-87.754167,580,526,66.7,73.9,Illinois,3235 N LECLAIRE Ave,60641,True,False,False,False
400046,L.E.A.R.N. - Romano Butler Campus,41.867273,-87.710679,461,452,,93.9,Illinois,1132 S HOMAN Ave,60624,False,True,True,False
610037,Arthur A Libby Elementary School,41.797685,-87.659933,297,221,,88.2,Illinois,5300 S LOOMIS Blvd,60609,False,True,True,True
610038,Abraham Lincoln Elementary School,41.924525,-87.644497,877,99,,94.0,Illinois,615 W KEMPER Pl,60614,False,True,True,False
610106,Brian Piccolo Elementary Specialty School,41.90014,-87.731261,667,620,,89.6,Illinois,1040 N KEELER Ave,60651,False,True,True,True
610138,Pulaski International School of Chicago,41.918486,-87.683801,872,309,,93.2,Illinois,2230 W MCLEAN Ave,60647,False,True,True,True
610148,Cesar E Chavez Multicultural Academic Center ES,41.807143,-87.666037,799,762,,93.2,Illinois,4747 S MARSHFIELD Ave,60609,False,True,True,True
610065,Emmett Louis Till Math and Science Academy,41.775424,-87.609357,376,363,,84.1,Illinois,6543 S CHAMPLAIN Ave,60637,False,True,True,True
400027,CICS - Irving Park,41.950891,-87.710492,457,313,,89.1,Illinois,3820 N SPAULDING Ave,60618,False,True,True,False
400039,Erie Elementary Charter School,41.906771,-87.694364,397,311,,90.4,Illinois,1405 N WASHTENAW Ave,60622,False,True,True,False
610216,John A Walsh Elementary School,41.854836,-87.648086,260,203,,90.5,Illinois,2015 S PEORIA St,60608,False,True,True,True
609815,Edward A Bouchet Math & Science Academy ES,41.760847,-87.576075,684,661,,87.2,Illinois,7355 S JEFFERY Blvd,60649,False,True,True,True
610089,John B Murphy Elementary School,41.950078,-87.716832,518,278,,91.3,Illinois,3539 W GRACE St,60618,False,True,True,True
400031,CICS - Wrightwood,41.745365,-87.692614,611,522,,91.3,Illinois,8130 S CALIFORNIA Ave,60652,False,True,True,False
400035,Chicago Math and Science Academy Charter School,42.013031,-87.674818,616,546,84.0,94.0,Illinois,7212 N CLARK St,60626,True,True,True,False
609811,Orville T Bright Elementary School,41.699726,-87.562084,246,182,,85.7,Illinois,10740 S CALHOUN Ave,60617,False,True,True,True
400075,University of Chicago - Donoghue,41.827726,-87.608501,486,429,,91.4,Illinois,707 E 37TH St,60653,False,False,True,False
400163,KIPP Chicago Charter School - KIPP Bloom,41.793556,-87.639967,897,850,,89.6,Illinois,5515 S LOWE Ave,60621,False,True,True,False
609774,Louisa May Alcott College Preparatory ES,41.92985,-87.646413,560,74,,94.2,Illinois,2625 N ORCHARD St,60614-1573,False,True,True,True
610083,Daniel C Beard Elementary School,41.970125,-87.78963,424,206,,81.8,Illinois,6445 W STRONG St,60656-4011,False,False,True,True
609944,Virgil Grissom Elementary School,41.662481,-87.553307,286,227,,90.9,Illinois,12810 S ESCANABA Ave,60633,False,True,True,True
610515,Disney II Magnet School,41.950461,-87.730678,420,133,,93.3,Illinois,3815 N KEDVALE Ave,60641,False,False,True,True
609884,William E Dever Elementary School,41.942552,-87.813132,746,435,,91.4,Illinois,3436 N OSCEOLA Ave,60634,False,True,True,True
610564,Disney II Magnet High School,41.952488,-87.721364,714,325,90.0,84.4,Illinois,3900 N LAWNDALE Ave,60618,True,True,False,False
610206,Mark Twain Elementary School,41.799046,-87.758928,863,648,,91.9,Illinois,5134 S LOTUS Ave,60638,False,True,True,True
610193,William K New Sullivan Elementary School,41.743829,-87.542928,480,448,,87.6,Illinois,8331 S MACKINAW Ave,60617,False,True,True,True
400173,Pathways in Education- Brighton Park,41.808226,-87.702645,387,381,14.3,81.9,Illinois,3124 W 47TH St,60632,True,False,False,False
610022,Joyce Kilmer Elementary School,42.00364,-87.668222,801,630,,91.8,Illinois,6700 N GREENVIEW Ave,60626,False,True,True,True
610090,Phillip Murray Elementary Language Academy,41.798535,-87.59334,465,293,,91.8,Illinois,5335 S KENWOOD Ave,60615,False,True,True,False
609725,Morgan Park High School,41.692035,-87.665658,1189,937,85.2,78.9,Illinois,1744 W PRYOR Ave,60643,True,True,False,False
609930,Frederick Funston Elementary School,41.917617,-87.716892,461,449,,90.2,Illinois,2010 N CENTRAL PARK Ave,60647,False,True,True,True
610532,Irene C. Hernandez Middle School for the Advancement of Science,41.793479,-87.71137,717,680,,91.7,Illinois,3510 W 55TH St,60632,False,True,True,False
610347,Claremont STEM Magnet Elementary School,41.777511,-87.681061,325,313,,91.1,Illinois,2300 W 64TH St,60636,False,True,True,True
610060,Chicago World Language Academy,41.8743,-87.660985,449,187,,94.6,Illinois,1340 W HARRISON St,60607,False,True,True,False
610046,Mary Lyon Elementary School,41.934192,-87.777174,1022,810,,90.8,Illinois,2941 N MCVICKER Ave,60634,False,True,True,True
609959,John Charles Haines Elementary School,41.849958,-87.633806,461,361,,96.9,Illinois,247 W 23RD Pl,60616,False,True,True,True
609855,Walter S Christopher Elementary School,41.801659,-87.685607,319,306,,84.1,Illinois,5042 S ARTESIAN Ave,60632,False,True,True,False
610098,Alfred Nobel Elementary School,41.906155,-87.729955,599,585,,90.5,Illinois,4127 W HIRSCH St,60651,False,True,True,True
400068,Plato Learning Academy,41.87276,-87.763337,153,152,,91.4,Illinois,5545 W HARRISON St,60644,False,True,True,False
609866,John C Coonley Elementary School,41.955553,-87.683765,725,79,,94.2,Illinois,4046 N LEAVITT St,60618,False,True,True,False
609754,Chicago Military Academy High School,41.830555,-87.619216,198,132,81.8,81.9,Illinois,3519 S GILES Ave,60653,True,False,False,False
609713,Hyde Park Academy High School,41.782257,-87.586615,741,722,84.9,77.4,Illinois,6220 S STONY ISLAND Ave,60637,True,False,False,False
610057,Fairfield Elementary Academy,41.780904,-87.692115,480,472,,90.0,Illinois,6201 S FAIRFIELD Ave,60629,False,True,True,True
610219,George Washington Elementary School,41.688131,-87.536015,568,451,,91.8,Illinois,3611 E 114TH St,60617,False,True,True,True
609830,Milton Brunson Math & Science Specialty ES ,41.897663,-87.765606,480,449,,86.8,Illinois,932 N CENTRAL Ave,60651,False,True,True,True
610013,Pilsen Elementary Community Academy,41.858849,-87.662209,221,202,,93.0,Illinois,1420 W 17TH St,60608,False,True,True,True
610212,Albany Park Multicultural Academy,41.971504,-87.710609,250,232,,92.5,Illinois,4929 N SAWYER Ave,60625,False,True,False,False
610030,Charles Kozminski Elementary Community Academy,41.798002,-87.602481,279,237,,89.0,Illinois,936 E 54TH St,60615,False,True,True,True
610153,William H Ryder Math & Science Specialty ES,41.735379,-87.638843,362,338,,90.0,Illinois,8716 S WALLACE St,60620,False,True,True,True
400084,Acero Charter Schools - Rufino Tamayo,41.79993,-87.693862,257,237,,93.4,Illinois,5135 S CALIFORNIA Ave,60632,False,True,True,False
610227,Eli Whitney Elementary School,41.84008,-87.725546,546,526,,90.7,Illinois,2815 S KOMENSKY Ave,60623,False,True,True,True
610263,John Foster Dulles Elementary School,41.7799,-87.617214,667,644,,92.9,Illinois,6311 S CALUMET Ave,60637,False,True,True,True
610223,Daniel S Wentworth Elementary School,41.765076,-87.658205,483,461,,88.6,Illinois,1340 W 71ST St,60636,False,True,True,True
609955,Walter Q Gresham Elementary School,41.73892,-87.645025,329,318,,93.5,Illinois,8524 S GREEN St,60620,False,True,True,True
400047,L.E.A.R.N. - Charles and Dorothy Campbell Campus,41.877861,-87.698739,344,330,,89.3,Illinois,212 S FRANCISCO Ave,60612,False,False,True,False
610019,Joshua D Kershaw Elementary School,41.776453,-87.640892,225,203,,91.3,Illinois,6450 S LOWE Ave,60621,False,True,True,True
609788,Alice L Barnard Computer Math & Science Ctr ES,41.705131,-87.658074,252,198,,90.5,Illinois,10354 S CHARLES St,60643,False,True,True,True
609887,Arthur Dixon Elementary School,41.743669,-87.609979,425,324,,92.6,Illinois,8306 S SAINT LAWRENCE Ave,60619,False,True,True,True
610334,Al Raby High School,41.88621,-87.715423,104,103,75.8,73.2,Illinois,3545 W FULTON Blvd,60624,True,False,False,False
610383,Greater Lawndale High School For Social Justice,41.833507,-87.735299,262,239,81.3,81.3,Illinois,3120 S KOSTNER Ave,60623,True,False,False,False
400136,YCCS-Olive Harvey Middle College HS,41.712922,-87.592333,109,99,,67.8,Illinois,10001 S WOODLAWN Ave,60628,True,False,False,False
610248,Chicago Academy Elementary School,41.943056,-87.778187,546,350,,92.1,Illinois,3400 N AUSTIN Ave,60634,False,True,True,True
609759,Roberto Clemente Community Academy High School,41.902626,-87.686906,621,534,83.1,74.5,Illinois,1147 N WESTERN Ave,60622,True,False,False,False
609897,Charles W Earle Elementary School,41.781225,-87.675547,285,280,,92.3,Illinois,2040 W 62ND St,60636,False,True,True,True
609800,Frank I Bennett Elementary School,41.710435,-87.61739,287,232,,90.6,Illinois,10115 S PRAIRIE Ave,60628,False,True,True,True
609813,Charles S Brownell Elementary School,41.77162,-87.621746,163,141,,90.3,Illinois,6741 S MICHIGAN Ave,60637,False,False,True,True
610003,Paul Cuffe Math-Science Technology Academy ES,41.742452,-87.653633,251,227,,92.1,Illinois,8324 S RACINE Ave,60620,False,True,True,True
400066,Perspectives - Math and Science Academy,41.827784,-87.624788,384,366,76.7,81.1,Illinois,3663 S WABASH Ave,60653,True,True,True,False
610033,LaSalle Elementary Language Academy,41.9139,-87.637565,450,132,,92.9,Illinois,1734 N ORLEANS St,60614,False,True,True,False
609739,George Washington High School,41.688137,-87.53757,1462,1185,84.4,82.9,Illinois,3535 E 114TH St,60617,True,False,False,False
609748,Consuella B York Alternative High School,41.842533,-87.695261,169,166,,60.3,Illinois,2700 S CALIFORNIA Ave,60608,True,False,False,False
610315,Edward White Elementary Career Academy,41.672309,-87.650539,127,116,,87.4,Illinois,1136 W 122ND St,60643,False,True,True,True
610534,Skinner North,41.905109,-87.644841,513,66,,94.4,Illinois,640 W SCOTT St,60610,False,True,True,False
400124,YCCS- McKinley Lakeside Leadership HS,41.841331,-87.625331,126,126,,73.2,Illinois,2920 S WABASH Ave,60616,True,False,False,False
610201,Ole A Thorp Elementary Scholastic Academy,41.948571,-87.777631,827,312,,94.0,Illinois,6024 W WARWICK Ave,60634,False,True,True,False
609950,Josefa Ortiz De Dominguez Elementary School,41.838791,-87.71719,417,376,,90.4,Illinois,3000 S LAWNDALE Ave,60623,False,False,True,True
610121,Washington Irving Elementary School,41.871595,-87.683616,301,246,,86.4,Illinois,749 S OAKLEY Blvd,60612,False,True,True,True
400091,Chicago Technology Academy High School,41.863301,-87.659095,301,280,92.8,87.3,Illinois,1301 W 14TH St,60608,True,False,False,False
609929,Robert Fulton Elementary School,41.79758,-87.668436,332,326,,88.5,Illinois,5300 S HERMITAGE Ave,60609,False,True,True,True
610340,Chicago Academy High School,41.943054,-87.776847,564,434,96.2,90.4,Illinois,3400 N AUSTIN Ave,60634,True,False,False,False
610570,Ombudsman Chicago - South,41.783027,-87.683635,364,360,19.1,44.3,Illinois,6057 S WESTERN Ave,60636,True,False,False,False
609908,Esmond Elementary School,41.68942,-87.669159,225,203,,89.2,Illinois,1865 W MONTVALE Ave,60643,False,True,True,True
610191,Stone Elementary Scholastic Academy,41.995359,-87.684793,544,336,,93.2,Illinois,6239 N LEAVITT St,60659,False,True,True,False
610599,Catalpa Early Childhood Center,41.9759599,-87.7663557,235,94,,,Illinois,5252 N LONG ,60630-1438,False,False,False,True
609761,George H Corliss High School,41.70666,-87.601216,374,334,79.2,78.4,Illinois,821 E 103RD St,60628,True,False,False,False
610066,James E McDade Elementary Classical School,41.73455,-87.619214,207,79,,95.6,Illinois,8801 S INDIANA Ave,60619,False,True,True,False
400098,Noble - Muchin College Prep,41.88274,-87.626338,903,679,96.4,88.7,Illinois,1 N STATE St,60602,True,False,False,False
609734,William Howard Taft High School,41.982961,-87.791547,4224,2159,92.7,80.6,Illinois,6530 W BRYN MAWR Ave,60631,True,True,False,False
609839,Carroll-Rosenwald Specialty Elementary School,41.742517,-87.696012,434,378,,91.4,Illinois,2929 W 83RD St,60652,False,True,True,True
610568,Pathways in Education- Avondale,41.939433,-87.705206,299,287,,85.2,Illinois,3100 W BELMONT Ave,60618-5706,True,False,False,False
610541,Federico Garcia Lorca Elementary School,41.940026,-87.724783,634,557,,91.6,Illinois,3231 N SPRINGFIELD Ave,60618,False,True,True,True
610595,Dr. Fisher Early Learning Center,41.916008,-87.634637,144,35,,,Illinois,1840 N CLARK ,60614-5881,False,False,False,True
609750,Simpson Academy HS for Young Women,41.864365,-87.668722,37,36,,55.4,Illinois,1321 S PAULINA St,60608,True,True,True,False
609762,Percy L Julian High School,41.705859,-87.653749,402,308,72.9,74.1,Illinois,10330 S ELIZABETH St,60643,True,False,False,False
400051,Noble - Noble College Prep,41.900191,-87.662628,667,498,98.8,89.6,Illinois,1010 N NOBLE St,60642-4011,True,False,False,False
609741,Gurdon S Hubbard High School,41.780526,-87.718014,1527,1452,85.4,80.3,Illinois,6200 S HAMLIN Ave,60629,True,False,False,False
610228,John Greenleaf Whittier Elementary School,41.850481,-87.673392,202,189,,89.7,Illinois,1900 W 23RD St,60608,False,True,True,True
609850,Horace Greeley Elementary School,41.95281,-87.65098,345,278,,91.0,Illinois,832 W SHERIDAN Rd,60613,False,True,True,True
610179,Washington D Smyser Elementary School,41.958868,-87.781975,766,486,,90.5,Illinois,4310 N MELVINA Ave,60634,False,True,True,True
400111,L.E.A.R.N. - Hunter Perkins Campus,41.743122,-87.665721,468,380,,88.4,Illinois,1700 W 83RD St,60620,False,True,True,False
609807,Lionel Hampton Fine & Performing Arts ES,41.753457,-87.708731,447,426,,89.4,Illinois,3434 W 77TH St,60652,False,True,True,True
400165,L.E.A.R.N. - Middle School Campus,41.887413,-87.702704,173,162,,86.5,Illinois,3021 W CARROLL Ave,60612,False,True,True,False
610178,Theophilus Schmid Elementary School,41.716989,-87.596932,197,190,,88.8,Illinois,9755 S GREENWOOD Ave,60628,False,True,True,True
400101,Acero Charter Schools - Sandra Cisneros,41.822884,-87.693996,306,282,,92.5,Illinois,2744 W PERSHING Rd,60632,False,True,True,False
610391,Robert Lindblom Math & Science Academy HS,41.782041,-87.671662,1282,752,93.4,88.9,Illinois,6130 S WOLCOTT Ave,60636,True,True,False,False
610590,Bronzeville Classical Elementary School,41.819249,-87.626621,454,86,,95.9,Illinois,8 W ROOT ,60609-2931,False,True,True,False
609869,Anna R. Langford Community Academy,41.784681,-87.657169,193,181,,92.4,Illinois,6010 S THROOP St,60636,False,True,True,True
400049,Legacy Charter School,41.856859,-87.730348,453,427,,91.7,Illinois,3318 W OGDEN Ave,60623-2649,False,True,True,False
610405,Suder Montessori Magnet ES,41.883215,-87.677636,430,193,,91.2,Illinois,2022 W WASHINGTON Blvd,60612,False,True,True,True
609848,Ira F Aldridge Elementary School,41.657405,-87.606474,261,239,,88.5,Illinois,630 E 131ST St,60827,False,True,True,True
609679,Charles Allen Prosser Career Academy High School,41.920059,-87.761048,1151,1033,84.7,82.0,Illinois,2148 N LONG Ave,60639,True,False,False,False
609718,John F Kennedy High School,41.789961,-87.78084,1511,990,81.5,79.9,Illinois,6325 W 56TH St,60638,True,False,False,False
609817,Lyman A Budlong Elementary School,41.975754,-87.696556,762,452,,91.5,Illinois,2701 W FOSTER Ave,60625,False,True,True,True
609744,Northside Learning Center High School,41.982973,-87.722386,265,203,3.4,86.9,Illinois,3730 W BRYN MAWR Ave,60659,True,False,False,False
610363,Walt Disney Magnet Elementary School,41.956816,-87.646083,1371,868,,92.8,Illinois,4140 N MARINE Dr,60613,False,True,True,True
609947,Alexander Graham Elementary School,41.813304,-87.643344,342,305,,87.3,Illinois,4436 S UNION Ave,60609,False,True,True,True
610521,Sir Miles Davis Magnet Elementary Academy,41.771221,-87.66653,123,105,,93.3,Illinois,6740 S PAULINA St,60636-3307,False,True,True,True
400119,Legal Prep Charter Academy,41.881733,-87.733778,198,195,81.0,78.1,Illinois,4319 W WASHINGTON Blvd,60624-2232,True,False,False,False
609760,George Washington Carver Military Academy HS,41.65629,-87.59062,410,332,89.0,86.5,Illinois,13100 S DOTY Ave,60827-1597,True,False,False,False
609927,Foster Park Elementary School,41.738425,-87.668099,364,335,,92.4,Illinois,8530 S WOOD St,60620,False,True,True,True
609880,Stephen Decatur Classical Elementary School,42.009289,-87.704619,340,45,,94.6,Illinois,7030 N SACRAMENTO Ave,60645,False,True,True,False
400052,Noble - Gary Comer College Prep,41.764083,-87.601974,983,862,82.7,84.5,Illinois,7131 S SOUTH CHICAGO Ave,60619,True,True,True,False
610231,National Teachers Elementary Academy,41.8528,-87.629308,795,412,,92.2,Illinois,55 W CERMAK Rd,60616,False,True,True,True
610116,Parkside Elementary Community Academy,41.768555,-87.582954,290,259,,86.9,Illinois,6938 S EAST END Ave,60649,False,True,True,True
610170,Columbia Explorers Elementary Academy,41.811069,-87.704199,728,630,,93.6,Illinois,4520 S KEDZIE Ave,60632,False,True,True,True
610208,Mildred I Lavizzo Elementary School,41.696262,-87.627148,410,405,,92.5,Illinois,138 W 109TH St,60628,False,True,True,True
610518,Austin College and Career Academy High School,41.885993,-87.761916,142,123,66.7,61.5,Illinois,231 N PINE Ave,60644,True,False,False,False
610213,James Wadsworth Elementary School,41.773478,-87.601018,498,433,,88.3,Illinois,6650 S ELLIS Ave,60637,False,True,True,True
400028,CICS - Prairie,41.684433,-87.616888,418,396,,89.5,Illinois,11530 S PRAIRIE Ave,60628,False,True,True,False
400175,Excel Academy of South Shore,41.759749,-87.556487,226,126,20.0,70.7,Illinois,7530 S SOUTH SHORE Dr,60649,True,False,False,False
610095,Walter L Newberry Math & Science Academy ES,41.913947,-87.64599,328,253,,90.1,Illinois,700 W WILLOW St,60614,False,True,True,True
610244,Michele Clark Academic Prep Magnet High School,41.872885,-87.753325,429,385,82.4,72.8,Illinois,5101 W HARRISON St,60644,True,False,False,False
610256,Jackie Robinson Elementary School,41.817349,-87.599067,120,104,,88.9,Illinois,4225 S LAKE PARK Ave,60653,False,False,True,True
400069,Polaris Charter Academy,41.89255,-87.707796,339,238,,97.0,Illinois,620 N SAWYER Ave,60624,False,True,True,False
610207,John H Vanderpoel Elementary Magnet School,41.720817,-87.665559,246,145,,94.5,Illinois,9510 S PROSPECT Ave,60643,False,True,True,False
400114,Acero Charter Schools - Esmeralda Santiago,41.900344,-87.689896,211,190,,95.1,Illinois,2510 W CORTEZ St,60622,False,True,True,False
400149,Acero Charter Schools - Victoria Soto,41.801762,-87.711025,539,532,90.8,83.0,Illinois,5025 S ST LOUIS Ave,60632,True,False,False,False
400107,L.E.A.R.N. - South Chicago Campus,41.733333,-87.54558,372,338,,89.7,Illinois,8914 S BUFFALO Ave,60617,False,True,True,False
610036,Leslie Lewis Elementary School,41.906826,-87.75455,431,421,,89.0,Illinois,1431 N LEAMINGTON Ave,60651,False,True,True,True
610125,Irma C Ruiz Elementary School,41.848101,-87.680745,462,401,,89.7,Illinois,2410 S LEAVITT St,60608,False,True,True,True
609921,Telpochcalli Elementary School,41.847947,-87.696006,217,191,,88.7,Illinois,2832 W 24TH Blvd,60623,False,True,True,True
609969,Bret Harte Elementary School,41.793447,-87.586855,350,268,,90.3,Illinois,1556 E 56TH St,60637,False,True,True,True
610115,Park Manor Elementary School,41.766477,-87.611546,327,307,,93.1,Illinois,7037 S RHODES Ave,60637,False,True,True,True
609795,George Rogers Clark Elementary School,41.867813,-87.770418,132,104,,92.7,Illinois,1045 S MONITOR Ave,60644,False,True,True,True
610354,North River Elementary School,41.961721,-87.707151,319,263,,93.8,Illinois,3729 W LELAND Ave,60625-5706,False,True,True,True
400071,Providence Englewood Charter School,41.775367,-87.663996,418,409,,90.0,Illinois,6515 S ASHLAND Ave,60636,False,True,True,False
609779,George Armstrong International Studies ES,42.01015,-87.684442,1305,1117,,92.2,Illinois,2110 W GREENLEAF Ave,60645,False,True,True,True
610352,Durkin Park Elementary School,41.738844,-87.729955,689,555,,91.5,Illinois,8445 S KOLIN Ave,60652,False,True,True,True
609894,John B Drake Elementary School,41.844043,-87.628553,310,304,,88.3,Illinois,2710 S DEARBORN St,60616,False,True,True,True
609876,Nathan S Davis Elementary School,41.821852,-87.700202,552,494,,90.6,Illinois,3014 W 39TH Pl,60632,False,True,True,True
610159,Jonathan Y Scammon Elementary School,41.941678,-87.732179,617,540,,90.2,Illinois,4201 W HENDERSON St,60641,False,True,True,True
610101,William B Ogden Elementary School,41.899976,-87.629297,790,433,,89.3,Illinois,24 W WALTON St,60610,False,True,True,True
610342,Albert R Sabin Elementary Magnet School,41.906816,-87.68305,345,307,,87.5,Illinois,2216 W HIRSCH St,60622,False,True,True,True
610586,Edward E. Sadlowski Elementary School,41.704859,-87.527985,681,569,,88.4,Illinois,3930 E 105TH ,60617-6335,False,True,True,True
400112,Acero Charter Schools - Jovita Idar,41.801042,-87.708797,535,478,,91.5,Illinois,5050 S HOMAN Ave,60632,False,True,True,False
610120,Ferdinand Peck Elementary School,41.787899,-87.719216,783,716,,91.6,Illinois,3826 W 58TH St,60629,False,False,True,True
609827,Burnside Elementary Scholastic Academy,41.728481,-87.607435,265,220,,92.8,Illinois,650 E 91ST Pl,60619,False,True,True,True
400121,Acero Charter Schools - Sor Juana In√©s de la Cruz,42.016476,-87.684406,382,349,88.2,90.0,Illinois,7416 N RIDGE Blvd,60645-1919,True,True,True,False
609926,Franklin Elementary Fine Arts Center,41.9066,-87.635513,344,176,,94.0,Illinois,225 W EVERGREEN Ave,60610,False,True,True,False
609893,John C Dore Elementary School,41.773825866,-87.79974193,747,376,,91.5,Illinois,7134 W 65TH St,60638-4606,False,True,True,True
610000,Julia Ward Howe Elementary School of Excellence,41.893612,-87.759398,343,287,,89.3,Illinois,720 N LOREL Ave,60644,False,True,True,True
610184,John Spry Elementary Community School,41.847747,-87.700184,327,267,,90.1,Illinois,2400 S MARSHALL Blvd,60623,False,True,True,True
609698,William J Bogan High School,41.749376,-87.721097,604,513,71.3,76.7,Illinois,3939 W 79TH St,60652,True,False,False,False
400168,Great Lakes Academy Charter School,41.742671,-87.559907,543,464,,92.9,Illinois,8401 S SAGINAW Ave,60617,False,True,True,False
610217,James Ward Elementary School,41.84398,-87.635356,505,396,,96.2,Illinois,2701 S SHIELDS Ave,60616,False,True,True,True
610177,Mark Skinner Elementary School,41.879103,-87.659419,1128,269,,94.4,Illinois,1260 W ADAMS St,60607,False,True,True,True
609963,Alexander Hamilton Elementary School,41.94522,-87.670865,500,74,,94.4,Illinois,1650 W CORNELIA Ave,60657,False,True,True,True
609782,John J Audubon Elementary School,41.945062,-87.681041,613,62,,94.1,Illinois,3500 N HOYNE Ave,60618,False,True,True,True
610215,Francisco I Madero Middle School,41.840957,-87.705064,232,173,,89.7,Illinois,3202 W 28TH St,60623,False,True,True,False
610034,Lawndale Elementary Community Academy,41.86296,-87.712957,205,177,,88.0,Illinois,3500 W DOUGLAS Blvd,60623,False,True,True,True
609951,Ariel Elementary Community Academy,41.811173,-87.597503,362,275,,88.4,Illinois,1119 E 46TH St,60653,False,True,True,True
610027,Rudyard Kipling Elementary School,41.723627,-87.639521,230,205,,92.0,Illinois,9351 S LOWE Ave,60620,False,True,True,True
400131,YCCS-Dr. Pedro Albizu Campos Puerto Rican HS,41.90285,-87.696006,173,160,,61.6,Illinois,2739 W DIVISION St,60622-2854,True,False,False,False
609694,John Hancock College Preparatory High School,41.791464,-87.72447,1037,675,97.0,92.1,Illinois,5437 W 64TH Pl,60638-5681,True,False,False,False
609806,Myra Bradwell Communications Arts & Sciences ES,41.754365,-87.557142,551,492,,83.4,Illinois,7736 S BURNHAM Ave,60649,False,True,True,True
609968,Sharon Christa McAuliffe Elementary School,41.914816,-87.723931,530,379,,89.1,Illinois,1841 N SPRINGFIELD Ave,60647,False,True,True,True
609737,Friedrich W von Steuben Metropolitan Science HS,41.973185,-87.713386,1648,1005,97.3,88.6,Illinois,5039 N KIMBALL Ave,60625,True,False,False,False
610093,Jane A Neil Elementary School,41.738407,-87.620933,251,222,,87.9,Illinois,8555 S MICHIGAN Ave,60619,False,True,True,True
610026,John H Kinzie Elementary School,41.789965,-87.779483,637,395,,92.8,Illinois,5625 S MOBILE Ave,60638,False,True,True,True
609941,Asa Philip Randolph Elementary School,41.760614,-87.675966,374,344,,91.6,Illinois,7316 S HOYNE Ave,60636,False,True,True,True
400123,YCCS- Academy of Scholastic Achievement HS,41.880447,-87.742539,126,112,,61.6,Illinois,4651 W MADISON St,60644,True,False,False,False
610316,Amelia Earhart Options for Knowledge ES,41.726107,-87.582182,194,139,,94.6,Illinois,1710 E 93RD St,60617,False,True,True,False
400153,Acero Charter Schools - Brighton Park,41.813109,-87.693238,480,451,,91.0,Illinois,4420 S FAIRFIELD Ave,60632-1937,False,True,True,False
610392,World Language Academy High School,41.834397,-87.735292,365,342,85.2,86.0,Illinois,3120 S KOSTNER Ave,60623,True,False,False,False
610112,Francis W Parker Elementary Community Academy,41.77078,-87.634086,356,336,,87.7,Illinois,6800 S STEWART Ave,60621,False,True,True,True
610246,Edward Beasley Elementary Magnet Academic Center,41.798465,-87.625692,1125,784,,91.0,Illinois,5255 S STATE St,60609,False,True,True,True
610203,Monarcas Academy,41.787523,-87.708179,804,741,,90.7,Illinois,5815 S HOMAN Ave,60629,False,False,True,True
610174,James Shields Elementary School,41.815909,-87.689647,435,414,,89.1,Illinois,4250 S ROCKWELL St,60632,False,False,True,True
609837,Andrew Carnegie Elementary School,41.783368,-87.590795,392,319,,90.4,Illinois,1414 E 61ST Pl,60637,False,True,True,False
610573,Safe Achieve Academy HS,41.753115,-87.551804,36,28,,74.9,Illinois,7877 S COLES Ave,60649-4817,True,False,False,False
609874,Everett McKinley Dirksen Elementary School,41.973715,-87.841041,1277,1002,,90.9,Illinois,8601 W FOSTER Ave,60656,False,True,True,True
610009,Galileo Math & Science Scholastic Academy ES,41.871255,-87.653366,535,263,,93.6,Illinois,820 S CARPENTER St,60607,False,True,True,False
610323,Bowen High School,41.734627,-87.55755,269,243,58.1,72.7,Illinois,2710 E 89TH St,60617,True,False,False,False
400128,YCCS-CCA Academy HS,41.864943,-87.723662,127,117,,53.0,Illinois,1231 S PULASKI Rd,60623,True,False,False,False
609719,Lake View High School,41.954764,-87.668953,1330,1010,83.0,79.0,Illinois,4015 N ASHLAND Ave,60613,True,False,False,False
609851,Thomas Chalmers STEAM Elementary School,41.866435,-87.695259,200,197,,96.5,Illinois,2745 W ROOSEVELT Rd,60608,False,True,True,True
610503,Frazier Prospective IB Magnet ES,41.86698,-87.727244,138,121,,91.3,Illinois,4027 W GRENSHAW St,60624,False,True,True,False
610052,Horace Mann Elementary School,41.748274,-87.574816,289,271,,91.2,Illinois,8050 S CHAPPEL Ave,60617,False,True,True,True
610126,John J Pershing STEAM Magnet Elementary School,41.836527,-87.618338,439,364,,91.8,Illinois,3200 S CALUMET Ave,60616,False,True,True,True
609975,John Hay Elementary Community Academy,41.899171,-87.755813,252,247,,90.0,Illinois,1018 N LARAMIE Ave,60651,False,True,True,True
609958,Frank W Gunsaulus Elementary Scholastic Academy,41.813007,-87.699364,662,582,,94.4,Illinois,4420 S SACRAMENTO Ave,60632,False,True,True,True
610059,Oscar Mayer Magnet School,41.923204,-87.657287,711,73,,94.0,Illinois,2250 N CLIFTON Ave,60614,False,True,True,True
610070,James B McPherson Elementary School,41.967847,-87.676288,815,349,,93.2,Illinois,4728 N WOLCOTT Ave,60640,False,True,True,True
610368,Langston Hughes Elementary School,41.705342,-87.629869,457,401,,86.8,Illinois,240 W 104TH St,60628,False,True,True,True
609836,Arthur E Canty Elementary School,41.948007,-87.829296,808,443,,92.1,Illinois,3740 N PANAMA Ave,60634,False,True,True,True
610557,Pathways in Education- Ashburn,41.735239,-87.70406,327,286,,80.6,Illinois,3284 W 87TH St,60652,True,False,False,False
400097,Noble - Chicago Bulls College Prep,41.878809,-87.678195,1009,897,92.1,85.5,Illinois,2040 W ADAMS St,60612,True,False,False,False
609783,Nancy B Jefferson Alternative High School,41.867832,-87.680418,174,134,10.4,90.1,Illinois,1100 S HAMILTON Ave,60612,True,True,True,False
609716,Kelvyn Park High School,41.927918,-87.735999,548,430,65.5,74.3,Illinois,4343 W WRIGHTWOOD Ave,60639,True,True,False,False
610390,Hyman G Rickover Naval Academy High School,41.957599,-87.769938,517,341,93.0,87.1,Illinois,5700 W BERTEAU Ave,60634-1717,True,False,False,False
610569,Ombudsman Chicago- Northwest,42.017171,-87.806682,326,265,,59.8,Illinois,7500 N HARLEM Ave,60631,True,False,False,False
609943,Jesse Owens Elementary Community Academy,41.670618,-87.622546,333,319,,89.9,Illinois,12302 S STATE St,60628,False,True,True,True
609777,Phillip D Armour Elementary School,41.833854,-87.650653,257,199,,92.3,Illinois,950 W 33RD Pl,60608,False,True,True,True
609809,Lorenz Brentano Math & Science Academy ES,41.930966,-87.696294,767,276,,91.8,Illinois,2723 N FAIRFIELD Ave,60647,False,True,True,True
400085,Acero Charter Schools - Major Hector P. Garcia MD,41.809171,-87.730467,644,581,92.3,85.4,Illinois,4248 W 47TH St,60632,True,False,False,False
400181,Art in Motion Charter School,41.760034,-87.583328,560,450,,89.2,IL,7415 S EAST END ,60649-3611,True,True,False,False
400079,Acero Charter Schools - SPC Daniel Zizumbo,41.810135,-87.730495,524,453,,91.6,Illinois,4248 W 47TH St,60632,False,True,True,False
610542,West Ridge Elementary School,42.002959,-87.705917,700,604,,90.8,Illinois,6700 N WHIPPLE St,60645,False,True,True,True
610218,Joseph Warren Elementary School,41.726763,-87.575353,308,294,,91.4,Illinois,9239 S JEFFERY Ave,60617,False,True,True,True
609910,Laughlin Falconer Elementary School,41.935785,-87.749331,855,774,,90.2,Illinois,3020 N LAMON Ave,60641,False,False,True,True
400164,Instituto - Justice and Leadership,41.845957,-87.685903,131,84,,43.1,Illinois,2570 S BLUE ISLAND Ave,60608-4817,True,False,False,False
610171,Arnold Mireles Elementary Academy,41.731717,-87.552788,563,471,,89.7,Illinois,9000 S EXCHANGE Ave,60617,False,True,True,True
400094,EPIC Academy Charter High School,41.744849,-87.550222,240,228,77.9,80.0,Illinois,8255 S HOUSTON Ave,60617,True,False,False,False
610167,William H Seward Communication Arts Academy ES,41.810333,-87.668772,405,387,,90.3,Illinois,4600 S HERMITAGE Ave,60609,False,True,True,True
609978,Wendell Smith Elementary School,41.707558,-87.60466,356,334,,94.9,Illinois,744 E 103RD St,60628,False,True,True,True
609724,Stephen T Mather High School,41.987589,-87.702496,1621,1268,85.6,84.1,Illinois,5835 N LINCOLN Ave,60659,True,False,False,False
610081,Mark Sheridan Math & Science Academy,41.8444,-87.64134,520,287,,95.2,Illinois,533 W 27TH St,60616,False,True,True,False
610055,Michael Faraday Elementary School,41.879714,-87.708092,171,171,,88.4,Illinois,3250 W MONROE St,60624,False,True,True,True
610298,Lenart Elementary Regional Gifted Center,41.747186,-87.62804,300,122,,95.6,Illinois,8101 S LASALLE St,60620,False,True,True,True
400013,ASPIRA Charter School - Early College High School,41.937298,-87.727096,278,250,91.4,86.2,Illinois,3986 W BARRY Ave,60618,True,False,False,False
610305,George Leland Elementary School,41.873587,-87.749276,386,371,,83.0,Illinois,512 S LAVERGNE Ave,60644,False,True,True,True
610104,William J Onahan Elementary School,41.99379,-87.793108,649,202,,92.3,Illinois,6634 W RAVEN St,60631,False,True,True,True
609735,Edward Tilden Career Community Academy HS,41.80751,-87.642966,254,214,57.4,74.3,Illinois,4747 S UNION Ave,60609,True,False,False,False
609942,Johann W von Goethe Elementary School,41.922831,-87.6929,723,323,,91.5,Illinois,2236 N ROCKWELL St,60647,False,True,True,True
610063,Cyrus H McCormick Elementary School,41.842267,-87.7063,486,472,,91.5,Illinois,2712 S SAWYER Ave,60623,False,False,True,True
610129,Josiah Pickard Elementary School,41.8529,-87.683291,304,272,,94.0,Illinois,2301 W 21ST Pl,60608,False,True,True,True
609960,Nathan Hale Elementary School,41.780192,-87.776579,767,522,,91.3,Illinois,6140 S MELVINA Ave,60638,False,True,True,True
609797,Jacob Beidler Elementary School,41.885321,-87.705855,244,209,,90.1,Illinois,3151 W WALNUT St,60612,False,True,True,True
609902,Ralph H Metcalfe Elementary Community Academy,41.669444,-87.634306,342,328,,89.3,Illinois,12339 S NORMAL Ave,60628,False,True,True,True
610109,William Bishop Owen Scholastic Academy ES,41.74285,-87.705749,278,170,,94.2,Illinois,8247 S CHRISTIANA Ave,60652,False,True,True,True
609745,Southside Occupational Academy High School,41.759852,-87.675947,372,265,,83.5,Illinois,7342 S HOYNE Ave,60636,True,False,False,False
400034,CICS - Northtown,41.990245,-87.726504,853,638,95.1,87.0,Illinois,3900 W PETERSON Ave,60659,True,False,False,False
609974,Hawthorne Elementary Scholastic Academy,41.942275,-87.657709,639,78,,94.9,Illinois,3319 N CLIFTON Ave,60657,False,True,True,False
610353,Calmeca Academy of Fine Arts and Dual Language,41.824377,-87.711654,613,508,,91.2,Illinois,3456 W 38TH St,60632,False,True,True,True
400057,Noble - UIC College Prep,41.865817,-87.676111,916,786,92.1,85.2,Illinois,1231 S DAMEN Ave,60608,True,False,False,False
609912,James B Farnsworth Elementary School,41.97979,-87.766072,503,208,,90.7,Illinois,5414 N LINDER Ave,60630,False,True,True,True
609799,Alexander Graham Bell Elementary School,41.94953,-87.686018,898,98,,94.0,Illinois,3730 N OAKLEY Ave,60618,False,True,True,True
400157,Noble - Baker College Prep,41.734622,-87.556201,260,243,87.2,83.1,Illinois,2710 E 89TH St,60617,True,False,False,False
610543,Eric Solorio Academy High School,41.795201,-87.711059,1238,1123,90.1,89.1,Illinois,5400 S ST LOUIS Ave,60632,True,False,False,False
610287,Ashburn Community Elementary School,41.742351,-87.70961,332,255,,91.0,Illinois,8300 S ST LOUIS Ave,60652,False,True,True,True
610386,Peace & Education Coalition HS,41.803515,-87.667378,180,160,,71.0,Illinois,4946 S PAULINA St,60609,True,False,False,False
610062,Minnie Mi√±oso Academy,41.829993,-87.641103,306,281,,89.1,Illinois,3527 S WALLACE St,60609,False,True,True,True
609920,Gerald Delgado Kanoon Elementary Magnet School,41.850771,-87.705112,397,370,,88.8,Illinois,2233 S KEDZIE Ave,60623,False,True,True,True
400129,YCCS-Progressive Leadership Academy,41.773962,-87.61574,146,120,,62.0,Illinois,6620 S DR MARTIN LUTHER KING JR Dr,60637-3210,True,False,False,False
400151,L.E.A.R.N. Charter School - 7th Campus,41.88741,-87.701397,146,134,,93.4,Illinois,3021 W CARROLL Ave,60612,False,False,True,False
610209,Alessandro Volta Elementary School,41.971634,-87.724605,752,688,,91.6,Illinois,4950 N AVERS Ave,60625,False,True,True,True
610381,Bronzeville Scholastic Academy High School,41.805204,-87.625004,108,100,82.4,86.0,Illinois,4934 S WABASH Ave,60615,True,False,False,False
400170,Noble - The Noble Academy,41.906879,-87.645577,404,343,94.7,86.7,Illinois,1443 N OGDEN Ave,60610-1007,True,False,False,False
609819,Edmond Burke Elementary School,41.79676,-87.616141,339,321,,83.9,Illinois,5356 S KING Dr,60615,False,True,True,True
609794,Thomas A Edison Regional Gifted Center ES,41.971506,-87.709304,263,26,,95.0,Illinois,4929 N SAWYER Ave,60625,False,True,True,False
610192,Harriet Beecher Stowe Elementary School,41.911938,-87.713318,564,489,,90.8,Illinois,3444 W WABANSIA Ave,60647,False,True,True,True
610074,Logan Square Elementary School,41.929989,-87.719224,638,583,,90.1,Illinois,3651 W SCHUBERT Ave,60647,False,True,True,True
609756,Marie Sklodowska Curie Metropolitan High School,41.80306,-87.722042,2815,2399,77.4,77.6,Illinois,4959 S ARCHER Ave,60632,True,False,False,False
610053,Marquette Elementary School,41.773881,-87.69703,1062,1002,,92.5,Illinois,6550 S RICHMOND St,60629,False,True,True,True
610088,Wolfgang A Mozart Elementary School,41.92091,-87.721888,516,456,,88.5,Illinois,2200 N HAMLIN Ave,60647,False,True,True,True
610165,Franz Peter Schubert Elementary School,41.930403,-87.76119,548,438,,90.1,Illinois,2727 N LONG Ave,60639,False,False,True,True
400130,YCCS-Community Youth Development Institute HS,41.751377,-87.641731,88,76,,61.9,Illinois,7836 S UNION Ave,60620,True,False,False,False
610117,Louis Pasteur Elementary School,41.786895,-87.732666,629,548,,89.6,Illinois,5825 S KOSTNER Ave,60629,False,False,True,True
400127,YCCS-Austin Career Education Center HS,41.894976,-87.760221,0,0,,,Illinois,5352 W CHICAGO Ave,60651,True,False,False,False
400086,Urban Prep Academy for Young Men - Englewood,41.781498,-87.634357,82,70,83.8,91.6,Illinois,6201 S STEWART Ave,60621,True,False,False,False
400178,Moving Everest Charter School,41.888259,-87.755281,739,673,,89.3,Illinois,416 N LARAMIE Ave,60644-1906,False,True,True,False
400026,CICS - Loomis Primary,41.720246,-87.657561,332,301,,89.5,Illinois,9535 S LOOMIS St,60643,False,False,True,False
610299,Dr. Martin Luther King Jr Academy of Social Justice,41.765335,-87.641335,247,221,,88.6,Illinois,644 W 71ST St,60621,False,True,True,True
400106,Noble - John and Eunice Johnson College Prep,41.778369,-87.635117,480,440,81.0,82.6,Illinois,6350 S STEWART Ave,60621,True,False,False,False
609903,Richard Edwards Elementary School,41.805542,-87.725856,1241,993,,90.6,Illinois,4815 S KARLOV Ave,60632,False,True,True,True
610290,Benjamin E Mays Elementary Academy,41.772727,-87.637277,280,199,,90.0,Illinois,6656 S NORMAL Blvd,60621,False,True,True,True
610127,Mary Gage Peterson Elementary School,41.981557,-87.712583,913,548,,91.9,Illinois,5510 N CHRISTIANA Ave,60625,False,True,True,True
609705,Christian Fenger Academy High School,41.689951,-87.637572,211,184,58.1,76.3,Illinois,11220 S WALLACE St,60628,True,False,False,False
610122,Helen Peirce International Studies ES,41.983456,-87.66585,1111,398,,93.7,Illinois,1423 W BRYN MAWR Ave,60660,False,True,True,True
609678,William Jones College Preparatory High School,41.873066,-87.627675,1921,729,96.8,89.2,Illinois,700 S STATE St,60605,True,False,False,False
400161,Chicago Collegiate Charter School,41.679318,-87.617968,234,209,75.0,83.3,Illinois,11816 S INDIANA ,60628-6227,True,True,True,False
609728,Theodore Roosevelt High School,41.964828,-87.714819,1053,927,76.6,78.6,Illinois,3436 W WILSON Ave,60625,True,False,False,False
400080,Acero Charter Schools - PFC Omar E. Torres,41.8082,-87.73045,533,471,,90.3,Illinois,4248 W 47TH St,60632,False,True,True,False
609720,Albert G Lane Technical High School,41.946645,-87.691013,4563,1615,97.4,90.8,Illinois,2501 W ADDISON St,60618,True,True,False,False
609769,Ray Graham Training Center High School,41.849675,-87.625315,252,224,,78.6,Illinois,2347 S WABASH Ave,60616,True,False,False,False
400145,YCCS-Youth Connection Leadership Acad HS,41.832072,-87.626781,114,91,,78.3,Illinois,5101 S KEELER Ave,60632-4205,True,False,False,False
610242,Joseph Brennemann Elementary School,41.959984,-87.649749,499,400,,89.3,Illinois,4251 N CLARENDON Ave,60613,False,True,True,True
400082,Acero Charter Schools - Carlos Fuentes,41.937476,-87.699594,324,281,,91.8,Illinois,2845 W BARRY Ave,60618,False,True,True,False
610530,South Shore Fine Arts Academy,41.767755,-87.590396,230,177,,90.5,Illinois,1415 E 70TH St,60637,False,True,True,True
610230,Wildwood IB World Magnet School,42.007491,-87.778345,515,62,,94.0,Illinois,6950 N HIAWATHA Ave,60646,False,True,True,True
610339,Amos Alonzo Stagg Elementary School,41.758925,-87.649217,402,303,,91.1,Illinois,7424 S MORGAN St,60621,False,True,True,True
609872,Manuel Perez Elementary School,41.856029,-87.65798,296,249,,92.8,Illinois,1241 W 19TH St,60608,False,True,True,True
609803,James G Blaine Elementary School,41.950781,-87.664968,627,67,,94.7,Illinois,1420 W GRACE St,60613,False,True,True,True
609891,James R Doolittle Jr Elementary School,41.831121,-87.612275,256,233,,90.1,Illinois,535 E 35TH St,60616,False,True,True,True
610313,Jose De Diego Elementary Community Academy,41.905294,-87.685756,488,392,,85.8,Illinois,1313 N CLAREMONT Ave,60622,False,True,True,True
609738,Lincoln Park High School,41.918268,-87.646009,2167,955,84.8,84.6,Illinois,2001 N ORCHARD St,60614,True,False,False,False
609833,Daisy Bates Academy of Social Justice,41.739226,-87.580729,241,164,,89.0,Illinois,8546 S CREGIER Ave,60617,False,True,True,True
610130,John T Pirie Fine Arts & Academic Center ES,41.74034,-87.607891,214,172,,88.7,Illinois,650 E 85TH St,60619,False,False,True,True
609896,Thomas Drummond Elementary School,41.915914,-87.674495,344,59,,93.8,Illinois,1845 W CORTLAND St,60622,False,True,True,True
609856,Henry Clay Elementary School,41.654558,-87.544614,578,479,,90.0,Illinois,13231 S BURLEY Ave,60633,False,True,True,True
610010,Friedrich L. Jahn Elementary of the Fine Arts,41.939247,-87.67581,369,188,,90.5,Illinois,3149 N WOLCOTT Ave,60657,False,True,True,True
609928,James Farmer Jr Elementary School,41.818003,-87.611784,306,288,,87.9,Illinois,4214 S ST LAWRENCE Ave,60653,False,True,True,True
610596,The Virtual Academy Elementary School,41.8627144,-87.6601387,254,194,,,Illinois,1326 W 14TH ,60608-1410,False,True,True,True
609772,Jane Addams Elementary School,41.698739,-87.532976,551,441,,90.4,Illinois,10810 S AVENUE H ,60617-6726,False,True,True,True
400159,Christopher House Charter School,41.922181,-87.757522,463,396,,92.4,Illinois,5235 W BELDEN Ave,60639,False,True,True,True
610355,Mary E Courtenay Elementary Language Arts Center,41.962308,-87.663853,268,234,,88.6,Illinois,4420 N BEACON St,60640,False,True,True,True
610078,Inter-American Elementary Magnet School,41.949003,-87.651573,617,250,,93.2,Illinois,851 W WAVELAND Ave,60613,False,True,True,True
610226,Socorro Sandoval Elementary School,41.792346,-87.710987,740,673,,91.2,Illinois,5534 S SAINT LOUIS Ave,60629,False,False,True,True
609755,Whitney M Young Magnet High School,41.878603,-87.664233,2207,749,95.6,93.6,Illinois,211 S LAFLIN St,60607,True,True,False,False
400044,KIPP Ascend Charter School,41.85837,-87.721071,887,849,,89.6,Illinois,1616 S AVERS Ave,60623,False,True,True,False
610588,Robert J. Richardson Middle School,41.783826,-87.725422,838,738,,90.5,Illinois,6018 S KARLOV ,60629-4929,False,True,True,False
609722,Manley Career Academy High School,41.870939,-87.699896,146,118,57.1,68.9,Illinois,2935 W POLK St,60612,True,False,False,False
610293,Genevieve Melody Elementary School,41.878799,-87.724661,344,333,,98.0,Illinois,3937 W WILCOX St,60624,False,True,True,True
610362,Medgar Evers Elementary School,41.715665,-87.639305,225,200,,91.1,Illinois,9811 S LOWE Ave,60628,False,True,True,True
400050,Namaste Charter School,41.8257,-87.667724,381,314,,90.2,Illinois,3737 S PAULINA St,60609,False,True,True,False
610175,Beulah Shoesmith Elementary School,41.804294,-87.593905,301,225,,88.4,Illinois,1330 E 50TH St,60615,False,False,True,False
609979,Robert Healy Elementary School,41.839595,-87.640341,1206,975,,95.9,Illinois,3010 S PARNELL Ave,60616,False,True,True,False
610011,Minnie Mars Jamieson Elementary School,41.984641,-87.700529,847,586,,93.2,Illinois,5650 N MOZART St,60659,False,True,True,True
610312,Mary E McDowell Elementary School,41.733132,-87.589589,114,90,,94.0,Illinois,1419 E 89TH St,60619,False,False,True,True
610561,Richard T Crane Medical Preparatory HS,41.876947,-87.683301,282,247,83.0,73.8,Illinois,2245 W JACKSON Blvd,60612,True,False,False,False
610357,Spry Community Links High School,41.847762,-87.698946,78,64,70.6,63.8,Illinois,2400 S MARSHALL Blvd,60623,True,False,False,False
610251,Willa Cather Elementary School,41.88295,-87.699187,321,300,,88.8,Illinois,2908 W WASHINGTON Blvd,60612,False,True,True,True
400179,Noble Mansueto High School,41.800136,-87.728003,1061,975,91.0,89.8,Illinois,2911 W 47TH ,60632-1906,True,False,False,False
610366,Charles H Wacker Elementary School,41.716193,-87.648044,216,185,,93.9,Illinois,9746 S MORGAN St,60643,False,True,True,True
609981,Phoebe Apperson Hearst Elementary School,41.808175,-87.745726,282,239,,90.5,Illinois,4640 S LAMON Ave,60638,False,True,True,True
610172,William T Sherman Elementary School,41.799766,-87.650221,223,215,,89.1,Illinois,1000 W 52ND St,60609,False,True,True,True
609746,Kenwood Academy High School,41.803772,-87.590421,2203,1200,94.4,88.6,Illinois,5015 S BLACKSTONE Ave,60615,True,True,False,False
609723,John Marshall Metropolitan High School,41.878444,-87.70805,206,181,79.7,68.2,Illinois,3250 W ADAMS St,60624,True,False,False,False
609899,Christian Ebinger Elementary School,42.004408,-87.81117,693,114,,93.5,Illinois,7350 W PRATT Ave,60631,False,True,True,False
610389,Orr Academy High School,41.894449,-87.726166,320,283,66.7,66.6,Illinois,730 N PULASKI Rd,60624,True,False,False,False
609710,John M Harlan Community Academy High School,41.718372,-87.620623,171,148,75.3,66.2,Illinois,9652 S MICHIGAN Ave,60628,True,False,False,False
610176,John D Shoop Math-Science Technical Academy ES,41.690919,-87.658669,521,484,,92.3,Illinois,11140 S BISHOP St,60643,False,True,True,True
610239,Richard J Daley Elementary Academy,41.802343,-87.672206,520,484,,90.7,Illinois,5024 S WOLCOTT Ave,60609,False,True,True,True
609987,Thomas A Hendricks Elementary Community Academy,41.815788,-87.633664,225,218,,85.7,Illinois,4316 S PRINCETON Ave,60609,False,True,True,True
610524,Louisa May Alcott College Preparatory HS,41.935795,-87.680562,344,248,91.5,86.6,Illinois,2957 N HOYNE Ave,60618-8208,True,False,False,False
610402,DeVry University Advantage Academy HS,41.941388,-87.690761,150,106,,88.6,Illinois,1900 W LAWRENCE Ave,60640-4003,True,False,False,False
610094,Louis Nettelhorst Elementary School,41.941637,-87.644561,643,131,,92.8,Illinois,3252 N BROADWAY St,60657,False,True,True,True
610254,Dvorak Technology Academy,41.858883,-87.715744,291,246,,88.7,Illinois,3615 W 16TH St,60623,False,True,True,True
610155,Sauganash Elementary School,41.991169,-87.745951,701,112,,93.9,Illinois,6040 N KILPATRICK Ave,60646,False,True,True,True
610308,Wilma Rudolph Elementary Learning Center,41.883568,-87.669477,112,82,,49.8,Illinois,1628 W WASHINGTON Blvd,60612-2613,False,True,True,True
610572,Safe Achieve Academy Elementary,41.753117,-87.550513,5,4,,77.7,Illinois,7877 S COLES Ave,60649-4817,False,True,True,False
609945,William C. Goudy Technology Academy,41.975817,-87.657912,488,409,,92.5,Illinois,5120 N WINTHROP Ave,60640,False,True,True,True
610396,Tarkington School of Excellence ES,41.764407,-87.706445,773,729,,91.3,Illinois,3330 W 71ST St,60629,False,True,True,True
609993,Agustin Lara Elementary Academy,41.80977,-87.672182,362,332,,90.1,Illinois,4619 S WOLCOTT Ave,60609,False,True,True,True
610043,Joseph Lovett Elementary School,41.912718,-87.783919,334,279,,93.7,Illinois,6333 W BLOOMINGDALE Ave,60639,False,True,True,True
609867,Peter Cooper Elementary Dual Language Academy,41.856031,-87.667227,423,384,,92.6,Illinois,1624 W 19TH St,60608,False,True,True,True
609898,John F Eberhart Elementary School,41.77442,-87.707953,1025,965,,89.2,Illinois,3400 W 65TH Pl,60629,False,True,True,True
610021,Pablo Casals Elementary School,41.904503,-87.714234,344,305,,93.1,Illinois,3501 W POTOMAC Ave,60651,False,True,True,True
610099,Norwood Park Elementary School,41.988153,-87.802979,311,52,,93.3,Illinois,5900 N NINA Ave,60631,False,True,True,True
400092,CICS - Lloyd Bond,41.653663,-87.605039,275,254,,85.9,Illinois,13300 S LANGLEY Ave,60827,False,False,True,False
400030,CICS - West Belden,41.921687,-87.776749,523,458,,92.3,Illinois,2245 N MCVICKER Ave,60639,False,True,True,False
609676,Paul Laurence Dunbar Career Academy High School,41.840226,-87.617637,318,312,81.8,64.7,Illinois,3000 S KING Dr,60616,True,False,False,False
610563,Back of the Yards IB High School,41.808413,-87.677541,995,928,95.2,85.5,Illinois,2111 W 47TH St,60609,True,False,False,False
400150,YCCS-Chatham AcademyHS,41.730131,-87.60698,116,104,,55.4,Illinois,9035 S LANGLEY Ave,60619,True,False,False,False
610544,Mariano Azuela Elementary School,41.771079,-87.73992,701,564,,90.1,Illinois,4707 W MARQUETTE Rd,60629,False,True,True,False
610194,Charles Sumner  Math & Science Community Acad ES,41.870828,-87.733524,198,157,,93.6,Illinois,4320 W 5TH Ave,60624,False,True,True,True
609909,Edward Everett Elementary School,41.831555,-87.68131,87,74,,96.0,Illinois,3419 S BELL Ave,60608,False,False,True,True
400096,Rowe Elementary Charter School,41.907797,-87.664072,596,432,,90.6,Illinois,1424 N CLEAVER St,60642,False,True,True,False
610111,John Palmer Elementary School,41.973289,-87.739213,751,497,,90.7,Illinois,5051 N KENNETH Ave,60630,False,True,True,True
610092,Henry H Nash Elementary School,41.89181,-87.747936,266,234,,88.2,Illinois,4837 W ERIE St,60644-1720,False,True,True,True
610245,Frederick A Douglass Academy High School,41.890369,-87.767668,26,21,,75.4,Illinois,543 N WALLER Ave,60644,True,False,False,False
400180,KIPP One Academy,41.893805,-87.726615,989,965,,93.0,Illinois,730 N PULASKI ,60624-1063,False,True,True,False
610047,James Madison Elementary School,41.759548,-87.590712,222,220,,87.2,Illinois,7433 S DORCHESTER Ave,60619,False,True,True,True
609845,George Washington Carver Primary School,41.653702,-87.599516,478,476,,88.2,Illinois,901 E 133RD Pl,60827-1427,False,True,True,True
610087,Blair Early Childhood Center,41.776556,-87.790604,274,186,,83.2,Illinois,6751 W 63RD Pl,60638,False,False,False,True
610152,Martha Ruggles Elementary School,41.751946,-87.618066,308,285,,88.1,Illinois,7831 S PRAIRIE Ave,60619,False,True,True,True
610139,George M Pullman Elementary School,41.688819,-87.609431,307,251,,89.6,Illinois,11311 S FORRESTVILLE Ave,60628,False,True,True,True
610593,Ombudsman Chicago - Roseland,41.695105,-87.642816,166,154,,50.4,IL,10928 S HALSTED ,60628-3128,True,False,False,False
400064,Perspectives - Rodney D. Joslin,41.855999,-87.628531,308,284,91.0,89.6,Illinois,1930 S ARCHER Ave,60616,True,True,True,False
609812,William H Brown STEM Magnet Elementary School,41.882997,-87.670682,234,195,,91.8,Illinois,54 N HERMITAGE Ave,60612,False,True,True,True
610587,Walter Henri Dyett High School for the Arts,41.801204,-87.612239,513,427,87.4,79.5,Illinois,555 E 51ST ,60615-2452,True,False,False,False
400081,Acero Charter Schools - Bartolom√© de las Casas,41.859504,-87.667949,180,157,,91.0,Illinois,1641 W 16TH St,60608,False,True,True,False
610345,Carter G Woodson South Elementary School,41.814499,-87.608419,308,238,,84.4,Illinois,4414 S EVANS Ave,60653,False,True,True,True
610147,Philip Rogers Elementary School,42.015265,-87.697185,805,504,,92.5,Illinois,7345 N WASHTENAW Ave,60645,False,True,True,True
400017,ASPIRA Charter School - Haugan Middle School,41.966406,-87.721825,88,80,,91.8,Illinois,3729 W LELAND Ave,60625,False,True,True,False
400032,CICS - Ralph Ellison,41.748382,-87.66898,211,182,81.8,76.5,Illinois,1817 W 80TH St,60620,True,False,False,False
609793,Lillian R. Nicholson STEM Academy,41.784942,-87.647453,543,485,,93.5,Illinois,6006 S PEORIA St,60621,False,True,True,True
610304,Phoenix Military Academy High School,41.879118,-87.68696,360,315,91.0,89.2,Illinois,145 S CAMPBELL Ave,60612,True,False,False,False
609862,Edward Coles Elementary Language Academy,41.741413,-87.56597,294,215,,89.2,Illinois,8441 S YATES Blvd,60617,False,True,True,True
610188,Dunne Technology Academy,41.696496,-87.639974,211,169,,93.3,Illinois,10845 S UNION Ave,60628,False,True,True,True
610100,West Park Elementary Academy,41.906907,-87.732443,442,429,,90.7,Illinois,1425 N TRIPP Ave,60651,False,True,True,True
609680,Walter Payton College Preparatory High School,41.901575,-87.635385,1250,417,98.7,92.4,Illinois,1034 N WELLS St,60610,True,False,False,False
609709,Gage Park High School,41.791013,-87.688954,330,314,75.0,83.0,Illinois,5630 S ROCKWELL St,60629,True,False,False,False
609691,North-Grand High School,41.911674,-87.735238,1020,898,82.7,80.9,Illinois,4338 W WABANSIA Ave,60639,True,False,False,False
609976,Stephen K Hayt Elementary School,41.994541,-87.668504,897,746,,91.0,Illinois,1518 W GRANVILLE Ave,60660,False,True,True,True
610123,William Penn Elementary School,41.858372,-87.722386,229,203,,89.4,Illinois,1616 S AVERS Ave,60623,False,True,True,True
609900,George W Curtis Elementary School,41.685418,-87.621653,372,367,,86.7,Illinois,32 E 115TH St,60628,False,True,True,True
610268,Arthur R Ashe Elementary School,41.740184,-87.601174,381,353,,86.0,Illinois,8505 S INGLESIDE Ave,60619,False,True,True,True
610319,Evergreen Academy Middle School,41.829356,-87.667817,187,166,,92.4,Illinois,3537 S PAULINA St,60609,False,True,True,False
610185,Adlai E Stevenson Elementary School,41.747107,-87.731666,1221,1061,,91.2,Illinois,8010 S KOSTNER Ave,60652,False,True,True,True
610601,SAFE Achieve Academy West HS,41.753115,-87.551804,32,15,,,IL,230 N KOLMAR ,60624-2120,True,False,False,False
609990,South Loop Elementary School,41.859741,-87.628349,865,263,,93.8,Illinois,1601 S DEARBORN St,60616-1225,False,True,True,True
400077,University of Chicago - Woodlawn,41.77813,-87.598114,576,425,92.2,88.0,Illinois,6300 S UNIVERSITY Ave,60637-2710,True,True,True,False
609692,Neal F Simeon Career Academy High School,41.745781,-87.63541,1008,708,86.8,82.5,Illinois,8147 S VINCENNES Ave,60620,True,False,False,False
610136,William H Prescott Elementary School,41.928841,-87.669528,464,133,,94.0,Illinois,1632 W WRIGHTWOOD Ave,60614,False,True,True,False
610317,Brighton Park Elementary School,41.8239,-87.692077,300,271,,89.6,Illinois,3825 S WASHTENAW Ave,60632,False,True,True,True
609901,Edgebrook Elementary School,41.999437,-87.76184,562,93,,94.2,Illinois,6525 N HIAWATHA Ave,60646,False,True,True,True
609849,George F Cassell Elementary School,41.687347,-87.703215,367,79,,92.4,Illinois,11314 S SPAULDING Ave,60655,False,True,True,False
609972,Helge A Haugan Elementary School,41.964029,-87.723128,1082,952,,92.1,Illinois,4540 N HAMLIN Ave,60625,False,True,True,True
609895,Turner-Drew Elementary Language Academy,41.725609,-87.630164,195,153,,93.1,Illinois,9300 S PRINCETON Ave,60620,False,True,True,False
400029,CICS - Washington Park,41.783617,-87.622068,478,466,,88.8,Illinois,110 E 61ST St,60637,False,True,True,False
609766,Jacqueline B Vaughn Occupational High School,41.960364,-87.764663,224,175,,81.9,Illinois,4355 N LINDER Ave,60641,True,False,False,False
610197,Mancel Talcott Elementary School,41.892405,-87.673723,483,346,,92.9,Illinois,1840 W OHIO St,60622,False,True,True,True
610235,Ella Flagg Young Elementary School,41.906791,-87.767143,413,395,,87.4,Illinois,1434 N PARKSIDE Ave,60651,False,True,True,True
610068,Hanson Park Elementary School,41.923955,-87.761515,1117,1042,,89.6,Illinois,5411 W FULLERTON Ave,60639,False,True,True,True
400023,CICS - Avalon/South Shore,41.743179,-87.587928,473,429,,91.1,Illinois,1501 E 83RD Pl,60619,False,True,True,False
609994,William G Hibbard Elementary School,41.970335,-87.710362,937,814,,93.5,Illinois,3244 W AINSLIE St,60625,False,False,True,True
609964,John H Hamline Elementary School,41.807242,-87.661175,590,565,,86.2,Illinois,4747 S BISHOP St,60609,False,True,True,True
609834,Little Village Elementary School,41.843698,-87.717319,588,532,,89.9,Illinois,2620 S LAWNDALE Ave,60623,False,True,True,True
609991,Theodore Herzl Elementary School,41.862081,-87.718994,439,422,,86.9,Illinois,3711 W DOUGLAS Blvd,60623,False,True,True,True
400022,Chicago High School for the Arts (ChiArts),41.899377,-87.694945,553,324,85.6,90.6,Illinois,2714 W AUGUSTA Blvd,60622,True,False,False,False
610198,Douglas Taylor Elementary School,41.71547,-87.532971,355,317,,88.7,Illinois,9912 S AVENUE H ,60617,False,True,True,True
610269,John T McCutcheon Elementary School,41.970949,-87.654758,344,302,,90.3,Illinois,4865 N SHERIDAN Rd,60640,False,True,True,True
610367,Oscar DePriest Elementary School,41.877979,-87.766298,424,326,,86.5,Illinois,139 S PARKSIDE Ave,60644,False,True,True,True
400133,YCCS- Innovations HS of Arts Integration,41.883047,-87.627734,353,327,,62.2,Illinois,17 N STATE St,60602,True,False,False,False
610143,William C Reavis Math & Science Specialty ES,41.804174,-87.604925,354,277,,87.3,Illinois,834 E 50TH St,60615,False,True,True,True
610145,Peter A Reinberg Elementary School,41.943019,-87.768983,792,600,,91.2,Illinois,3425 N MAJOR Ave,60634,False,True,True,True
610221,Daniel Webster Elementary School,41.869916,-87.727524,188,163,,91.3,Illinois,4055 W ARTHINGTON St,60624,False,True,True,True
610002,Thomas Hoyne Elementary School,41.733338,-87.568228,227,164,,91.1,Illinois,8905 S CRANDON Ave,60617,False,True,True,True
610281,Adam Clayton Powell Paideia Community Academy ES,41.760332,-87.556789,584,531,,90.0,Illinois,7511 S SOUTH SHORE Dr,60649,False,True,True,True
610558,Sarah E. Goode STEM Academy,41.75375,-87.707345,898,741,94.9,85.7,Illinois,7651 S HOMAN Ave,60652,True,False,False,False
610284,New Field Elementary School,42.007703,-87.673168,548,436,,91.2,Illinois,1707 W MORSE Ave,60626,False,False,True,True
400104,Instituto Health Sciences Career Academy,41.845967,-87.68724,546,507,87.6,75.0,Illinois,2520 S WESTERN Ave,60608,True,False,False,False
609829,John C Burroughs Elementary School,41.828868,-87.692457,306,288,,92.0,Illinois,3542 S WASHTENAW Ave,60632,False,True,True,True
400083,Acero Charter Schools - Octavio Paz Campus,41.850035,-87.692551,98,93,,93.1,Illinois,2651 W 23RD St,60608,False,True,True,False
609810,Norman A Bridge Elementary School,41.949114,-87.798669,1092,639,,91.2,Illinois,3800 N NEW ENGLAND Ave,60634,False,True,True,True
609726,Gwendolyn Brooks College Preparatory Academy HS,41.692763,-87.616353,984,584,90.9,88.1,Illinois,250 E 111TH St,60628,True,True,False,False
610182,Hannah G Solomon Elementary School,41.993942,-87.724043,326,162,,90.9,Illinois,6206 N HAMLIN Ave,60659,False,True,True,True
609844,William W Carter Elementary School,41.789828,-87.622453,303,243,,91.6,Illinois,5740 S MICHIGAN Ave,60637,False,True,True,True
610077,Donald Morrill Math & Science Elementary School,41.784313,-87.688549,581,565,,89.5,Illinois,6011 S ROCKWELL St,60629,False,True,True,True
609712,Emil G Hirsch Metropolitan High School,41.753748,-87.601727,105,82,54.2,72.4,Illinois,7740 S INGLESIDE Ave,60619,True,False,False,False
400139,YCCS-Sullivan House Alternative HS,41.746287,-87.578492,295,283,,81.4,Illinois,8164 S SOUTH CHICAGO Ave,60617,True,False,False,False
400172,ASPIRA Business and Finance,41.935726,-87.718204,397,335,80.8,83.1,Illinois,2989 N MILWAUKEE Ave,60618-7347,True,False,False,False
609773,Harriet Tubman Elementary School,41.934126,-87.656229,305,108,,92.0,Illinois,2851 N SEMINARY Ave,60657,False,True,True,True
610252,Robert Nathaniel Dett Elementary School,41.87987,-87.680315,349,295,,84.5,Illinois,2131 W MONROE St,60612,False,True,True,True
609828,Jonathan Burr Elementary School,41.912358,-87.668661,460,117,,94.1,Illinois,1621 W WABANSIA Ave,60622,False,True,True,False
609875,Charles R Darwin Elementary School,41.923323,-87.705413,498,375,,92.5,Illinois,3116 W BELDEN Ave,60647,False,True,True,True
610195,Elizabeth H Sutherland Elementary School,41.711445,-87.676821,647,233,,93.5,Illinois,10015 S LEAVITT St,60643,False,True,True,False
400126,YCCS-Association House HS,41.901572,-87.70686,91,85,,62.5,Illinois,1116 N KEDZIE Ave,60651-4152,True,False,False,False
609967,William F Finkl Elementary School,41.849215,-87.685668,246,218,,89.8,Illinois,2332 S WESTERN Ave,60608,False,True,True,True
609933,Stephen F Gale Elementary Community Academy,42.021091,-87.671939,338,278,,84.4,Illinois,1631 W JONQUIL Ter,60626,False,True,True,True
610024,Lazaro Cardenas Elementary School,41.848488,-87.716017,766,735,,90.3,Illinois,2345 S MILLARD Ave,60623,False,True,True,True
400058,North Lawndale College Prep - Christiana,41.858564,-87.708987,229,226,84.1,79.6,Illinois,1615 S CHRISTIANA Ave,60623,True,False,False,False
610539,Marvin Camras Elementary School,41.934931,-87.770127,713,599,,91.7,Illinois,3000 N MANGO Ave,60634,False,True,True,True
609854,Frederic Chopin Elementary School,41.896713,-87.688937,324,293,,86.0,Illinois,2450 W RICE St,60622,False,True,True,True
609939,Frank L Gillespie Elementary School,41.725332,-87.623719,288,241,,88.6,Illinois,9301 S STATE St,60619,False,True,True,True
610350,Robert A Black Magnet Elementary School,41.729692,-87.576643,333,237,,95.3,Illinois,9101 S EUCLID Ave,60617-3749,False,True,True,False
400169,Noble - ITW David Speer Academy,41.92563,-87.769808,1112,976,90.5,91.0,Illinois,5321 W GRAND Ave,60639-3009,True,False,False,False
609805,Scott Joplin Elementary School,41.749339,-87.669366,276,265,,89.6,Illinois,7931 S HONORE St,60620,False,True,True,True
609818,Luther Burbank Elementary School,41.917598,-87.7827,701,627,,90.4,Illinois,2035 N MOBILE Ave,60639,False,True,True,True
610499,Collins Academy STEAM High School,41.864149,-87.702042,197,190,72.3,80.5,Illinois,1313 S SACRAMENTO Dr,60623,True,False,False,False
609935,Matthew Gallistel Elementary Language Academy,41.706801,-87.535175,609,438,,91.4,Illinois,10347 S EWING Ave,60617,False,True,True,True
610571,Ombudsman Chicago- West,41.874673,-87.687842,225,215,10.5,46.6,Illinois,2401 W CONGRESS Pkwy,60612-3534,True,False,False,False
400059,North Lawndale College Prep - Collins,41.864146,-87.700681,247,236,82.9,73.2,Illinois,1313 S SACRAMENTO Dr,60623,True,False,False,False
610547,South Shore Intl College Prep High School,41.758792,-87.576353,591,439,92.9,81.7,Illinois,1955 E 75TH St,60649,True,False,False,False
609820,Augustus H Burley Elementary School,41.937937,-87.669853,492,46,,94.8,Illinois,1630 W BARRY Ave,60657,False,True,True,False
609870,Daniel J Corkery Elementary School,41.845602,-87.731193,442,402,,85.2,Illinois,2510 S KILDARE Ave,60623,False,True,True,True
610158,Harriet E Sayre Elementary Language Academy,41.914151,-87.798721,385,233,,89.6,Illinois,1850 N NEWLAND Ave,60707,False,True,True,True
610142,William H Ray Elementary School,41.792348,-87.594752,612,305,,91.4,Illinois,5631 S KIMBARK Ave,60637,False,True,True,True
