,id,name,latitude,longitude,student_count,is_high_school,is_middle_school,is_pre_school,is_ele_school,attendance_rate,graduation_rate,add_street,add_state,add_zipcode,puma,neighborhood
0,609755,Whitney M Young Magnet High School,41.878603,-87.664233,2207,True,True,False,False,93.6,95.6,211 S LAFLIN St,Illinois,60607,,0028
1,609794,Thomas A Edison Regional Gifted Center ES,41.971506,-87.709304,263,False,True,False,True,95.0,,4929 N SAWYER Ave,Illinois,60625,,0014
2,610317,Brighton Park Elementary School,41.8239,-87.692077,300,False,True,True,True,89.6,,3825 S WASHTENAW Ave,Illinois,60632,,0058
3,400125,"YCCS-ASPIRA,Antonia Pantoja Alternative HS",41.938187,-87.727137,167,True,False,False,False,67.0,,3121 N PULASKI Rd,Illinois,60641,,0021
4,400061,Perspectives - Leadership Academy,41.745961,-87.652045,816,True,True,False,True,84.5,81.7,8522 S LAFAYETTE Ave,Illinois,60620-1308,,0071
5,609788,Alice L Barnard Computer Math & Science Ctr ES,41.705131,-87.658074,252,False,True,True,True,90.5,,10354 S CHARLES St,Illinois,60643,,0072
6,609896,Thomas Drummond Elementary School,41.915914,-87.674495,344,False,True,True,True,93.8,,1845 W CORTLAND St,Illinois,60622,,0022
7,609740,Wells Community Academy High School,41.898995,-87.667483,310,True,False,False,False,75.0,78.4,936 N ASHLAND Ave,Illinois,60622,,0024
8,610111,John Palmer Elementary School,41.973289,-87.739213,753,False,True,True,True,90.7,,5051 N KENNETH Ave,Illinois,60630,,0014
9,609885,Dewey Elementary Academy of Fine Arts,41.795646,-87.642652,283,False,True,True,True,91.7,,5415 S UNION Ave,Illinois,60609,,0061
10,610167,William H Seward Communication Arts Academy ES,41.810333,-87.668772,405,False,True,True,True,90.3,,4600 S HERMITAGE Ave,Illinois,60609,,0061
11,609876,Nathan S Davis Elementary School,41.821852,-87.700202,552,False,True,True,True,90.6,,3014 W 39TH Pl,Illinois,60632,,0058
12,610254,Dvorak Technology Academy,41.858883,-87.715744,294,False,True,True,True,88.7,,3615 W 16TH St,Illinois,60623,,0029
13,610315,Edward White Elementary Career Academy,41.672309,-87.650539,130,False,True,True,True,87.4,,1136 W 122ND St,Illinois,60643,,0053
14,609856,Henry Clay Elementary School,41.654558,-87.544614,580,False,True,True,True,90.0,,13231 S BURLEY Ave,Illinois,60633,,0055
15,610091,Ronald Brown Elementary Community Academy,41.664873,-87.638958,280,False,True,True,True,92.3,,12607 S UNION Ave,Illinois,60628,,0053
16,609803,James G Blaine Elementary School,41.950781,-87.664968,627,False,True,True,True,94.7,,1420 W GRACE St,Illinois,60613,,0006
17,610172,William T Sherman Elementary School,41.799766,-87.650221,225,False,True,True,True,89.1,,1000 W 52ND St,Illinois,60609,,0061
18,610249,Talman Elementary School,41.794048,-87.690261,339,False,True,True,True,90.4,,5450 S TALMAN Ave,Illinois,60632,,0063
19,609991,Theodore Herzl Elementary School,41.862081,-87.718994,441,False,True,True,True,86.9,,3711 W DOUGLAS Blvd,Illinois,60623,,0029
20,400025,CICS - Bucktown,41.922415,-87.681358,523,False,True,False,True,89.8,,2235 N HAMILTON Ave,Illinois,60647,,0022
21,610347,Claremont STEM Magnet Elementary School,41.777511,-87.681061,321,False,True,True,True,91.1,,2300 W 64TH St,Illinois,60636,,0066
22,400165,L.E.A.R.N. - Middle School Campus,41.887413,-87.702704,173,False,True,False,True,86.5,,3021 W CARROLL Ave,Illinois,60612,,0027
23,610230,Wildwood IB World Magnet School,42.007491,-87.778345,515,False,True,True,True,94.0,,6950 N HIAWATHA Ave,Illinois,60646,,0012
24,609804,Mosaic School of Fine Arts,42.003412,-87.697463,757,False,True,True,True,90.0,,6710 N WASHTENAW Ave,Illinois,60645,,0002
25,609726,Gwendolyn Brooks College Preparatory Academy HS,41.692763,-87.616353,984,True,True,False,False,88.1,90.9,250 E 111TH St,Illinois,60628,,0049
26,609857,Grover Cleveland Elementary School,41.952042,-87.706443,510,False,True,True,True,90.6,,3121 W BYRON St,Illinois,60618,,0016
27,609737,Friedrich W von Steuben Metropolitan Science HS,41.973185,-87.713386,1645,True,False,False,False,88.6,97.3,5039 N KIMBALL Ave,Illinois,60625,,0013
28,400126,YCCS-Association House HS,41.901572,-87.70686,92,True,False,False,False,62.5,,1116 N KEDZIE Ave,Illinois,60651-4152,,0023
29,610006,Edward N Hurley Elementary School,41.766785,-87.719541,742,False,True,True,True,91.5,,3849 W 69TH Pl,Illinois,60629,,0065
30,610138,Pulaski International School of Chicago,41.918486,-87.683801,872,False,True,True,True,93.2,,2230 W MCLEAN Ave,Illinois,60647,,0022
31,609799,Alexander Graham Bell Elementary School,41.94953,-87.686018,898,False,True,True,True,94.0,,3730 N OAKLEY Ave,Illinois,60618,,0005
32,610067,Francis M McKay Elementary School,41.768143,-87.691787,642,False,True,True,True,89.6,,6901 S FAIRFIELD Ave,Illinois,60629,,0066
33,610313,Jose De Diego Elementary Community Academy,41.905294,-87.685756,489,False,True,True,True,85.8,,1313 N CLAREMONT Ave,Illinois,60622,,0024
34,400169,Noble - ITW David Speer Academy,41.92563,-87.769808,1111,True,False,False,False,91.0,90.5,5321 W GRAND Ave,Illinois,60639-3009,,0019
35,400077,University of Chicago - Woodlawn,41.77813,-87.598114,575,True,True,False,True,88.0,92.2,6300 S UNIVERSITY Ave,Illinois,60637-2710,,0042
36,400027,CICS - Irving Park,41.950891,-87.710492,460,False,True,False,True,89.1,,3820 N SPAULDING Ave,Illinois,60618,,0016
37,609952,Nathanael Greene Elementary School,41.829669,-87.671492,337,False,False,True,True,91.8,,3525 S HONORE St,Illinois,60609,,0059
38,400130,YCCS-Community Youth Development Institute HS,41.751377,-87.641731,86,True,False,False,False,61.9,,7836 S UNION Ave,Illinois,60620,,0071
39,610200,James N Thorp Elementary School,41.733324,-87.54428,321,False,True,True,True,87.7,,8914 S BUFFALO Ave,Illinois,60617,,0046
40,610053,Marquette Elementary School,41.773881,-87.69703,1056,False,True,True,True,92.5,,6550 S RICHMOND St,Illinois,60629,,0066
41,610182,Hannah G Solomon Elementary School,41.993942,-87.724043,325,False,True,True,True,90.9,,6206 N HAMLIN Ave,Illinois,60659,,0013
42,609817,Lyman A Budlong Elementary School,41.975754,-87.696556,762,False,True,True,True,91.5,,2701 W FOSTER Ave,Illinois,60625,,0004
43,610281,Adam Clayton Powell Paideia Community Academy ES,41.760332,-87.556789,584,False,True,True,True,90.0,,7511 S SOUTH SHORE Dr,Illinois,60649,,0043
44,610257,Morton School of Excellence,41.889178,-87.705108,280,False,True,True,True,89.6,,431 N TROY St,Illinois,60612,,0023
45,610529,Ogden International High School,41.893548,-87.659405,503,True,False,False,False,84.8,92.7,1250 W ERIE St,Illinois,60642,,0024
46,610021,Pablo Casals Elementary School,41.904503,-87.714234,344,False,True,True,True,93.1,,3501 W POTOMAC Ave,Illinois,60651,,0023
47,609904,Edward K Ellington Elementary School,41.88553,-87.766589,543,False,True,True,True,88.3,,243 N PARKSIDE Ave,Illinois,60644,,0025
48,609949,William P Gray Elementary School,41.948764,-87.757116,982,False,True,True,True,90.7,,3730 N LARAMIE Ave,Illinois,60641,,0015
49,609708,Edwin G. Foreman College and Career Academy,41.939797,-87.754167,581,True,False,False,False,73.9,66.7,3235 N LECLAIRE Ave,Illinois,60641,,0015
50,609852,Eliza Chappell Elementary School,41.975894,-87.683264,598,False,True,True,True,92.6,,2135 W FOSTER Ave,Illinois,60625,,0004
51,400114,Acero Charter Schools - Esmeralda Santiago,41.900344,-87.689896,211,False,True,False,True,95.1,,2510 W CORTEZ St,Illinois,60622,,0024
52,610143,William C Reavis Math & Science Specialty ES,41.804174,-87.604925,358,False,True,True,True,87.3,,834 E 50TH St,Illinois,60615,,0039
53,610334,Al Raby High School,41.88621,-87.715423,103,True,False,False,False,73.2,75.8,3545 W FULTON Blvd,Illinois,60624,,0027
54,610153,William H Ryder Math & Science Specialty ES,41.735379,-87.638843,363,False,True,True,True,90.0,,8716 S WALLACE St,Illinois,60620,,0071
55,609798,Hiram H Belding Elementary School,41.958938,-87.73402,613,False,True,True,True,92.1,,4257 N TRIPP Ave,Illinois,60641,,0016
56,609807,Lionel Hampton Fine & Performing Arts ES,41.753457,-87.708731,445,False,True,True,True,89.4,,3434 W 77TH St,Illinois,60652,,0070
57,610597,The Virtual Academy High School,41.8627144,-87.6601387,309,True,False,False,False,,,1326 W 14TH ,Illinois,60608-1410,,0028
58,610101,William B Ogden Elementary School,41.899976,-87.629297,788,False,True,True,True,89.3,,24 W WALTON St,Illinois,60610,,0008
59,400112,Acero Charter Schools - Jovita Idar,41.801042,-87.708797,535,False,True,False,True,91.5,,5050 S HOMAN Ave,Illinois,60632,,0063
60,609988,Patrick Henry Elementary School,41.958989,-87.715632,448,False,True,True,True,91.4,,4250 N SAINT LOUIS Ave,Illinois,60618,,0016
61,610237,Ludwig Van Beethoven Elementary School,41.809135,-87.627137,340,False,True,True,True,86.0,,25 W 47TH St,Illinois,60609,,0038
62,609925,Joseph Kellman Corporate Community ES,41.870168,-87.702163,211,False,True,True,True,91.4,,3030 W ARTHINGTON St,Illinois,60612,,0027
63,609760,George Washington Carver Military Academy HS,41.65629,-87.59062,410,True,False,False,False,86.5,89.0,13100 S DOTY Ave,Illinois,60827-1597,,0054
64,610203,Monarcas Academy,41.787523,-87.708179,808,False,False,True,True,90.7,,5815 S HOMAN Ave,Illinois,60629,,0063
65,609676,Paul Laurence Dunbar Career Academy High School,41.840226,-87.617637,318,True,False,False,False,64.7,81.8,3000 S KING Dr,Illinois,60616,,0035
66,610595,Dr. Fisher Early Learning Center,41.916008,-87.634637,144,False,False,True,False,,,1840 N CLARK ,Illinois,60614-5881,,0007
67,610078,Inter-American Elementary Magnet School,41.949003,-87.651573,617,False,True,True,True,93.2,,851 W WAVELAND Ave,Illinois,60613,,0006
68,609927,Foster Park Elementary School,41.738425,-87.668099,364,False,True,True,True,92.4,,8530 S WOOD St,Illinois,60620,,0071
69,609806,Myra Bradwell Communications Arts & Sciences ES,41.754365,-87.557142,554,False,True,True,True,83.4,,7736 S BURNHAM Ave,Illinois,60649,,0043
70,610034,Lawndale Elementary Community Academy,41.86296,-87.712957,202,False,True,True,True,88.0,,3500 W DOUGLAS Blvd,Illinois,60623,,0029
71,610235,Ella Flagg Young Elementary School,41.906791,-87.767143,411,False,True,True,True,87.4,,1434 N PARKSIDE Ave,Illinois,60651,,0025
72,609835,Daniel R Cameron Elementary School,41.903792,-87.717927,660,False,True,True,True,93.1,,1234 N MONTICELLO Ave,Illinois,60651,,0023
73,609870,Daniel J Corkery Elementary School,41.845602,-87.731193,445,False,True,True,True,85.2,,2510 S KILDARE Ave,Illinois,60623,,0030
74,400101,Acero Charter Schools - Sandra Cisneros,41.822884,-87.693996,307,False,True,False,True,92.5,,2744 W PERSHING Rd,Illinois,60632,,0058
75,400075,University of Chicago - Donoghue,41.827726,-87.608501,487,False,False,False,True,91.4,,707 E 37TH St,Illinois,60653,,0036
76,609928,James Farmer Jr Elementary School,41.818003,-87.611784,305,False,True,True,True,87.9,,4214 S ST LAWRENCE Ave,Illinois,60653,,0038
77,610299,Dr. Martin Luther King Jr Academy of Social Justice,41.765335,-87.641335,248,False,True,True,True,88.6,,644 W 71ST St,Illinois,60621,,0068
78,610250,Ruben Salazar Elementary Bilingual Center,41.901417,-87.633632,315,False,True,True,True,88.1,,160 W WENDELL St,Illinois,60610,,0008
79,400054,Noble - Pritzker College Prep,41.915214,-87.730127,978,True,False,False,False,90.2,95.9,4131 W CORTLAND St,Illinois,60639,,0020
80,609987,Thomas A Hendricks Elementary Community Academy,41.815788,-87.633664,225,False,True,True,True,85.7,,4316 S PRINCETON Ave,Illinois,60609,,0037
81,400039,Erie Elementary Charter School,41.906771,-87.694364,396,False,True,False,True,90.4,,1405 N WASHTENAW Ave,Illinois,60622,,0024
82,400082,Acero Charter Schools - Carlos Fuentes,41.937476,-87.699594,324,False,True,False,True,91.8,,2845 W BARRY Ave,Illinois,60618,,0021
83,610084,Annie Keller Regional Gifted Center,41.69717,-87.697278,222,False,True,False,True,95.9,,3020 W 108TH St,Illinois,60655,,0074
84,610530,South Shore Fine Arts Academy,41.767755,-87.590396,230,False,True,True,True,90.5,,1415 E 70TH St,Illinois,60637,,0043
85,610586,Edward E. Sadlowski Elementary School,41.704859,-87.527985,682,False,True,True,True,88.4,,3930 E 105TH ,Illinois,60617-6335,,0052
86,400026,CICS - Loomis Primary,41.720246,-87.657561,332,False,False,False,True,89.5,,9535 S LOOMIS St,Illinois,60643,,0073
87,400034,CICS - Northtown,41.990245,-87.726504,853,True,False,False,False,87.0,95.1,3900 W PETERSON Ave,Illinois,60659,,0013
88,610569,Ombudsman Chicago- Northwest,42.017171,-87.806682,327,True,False,False,False,59.8,,7500 N HARLEM Ave,Illinois,60631,,0009
89,610201,Ole A Thorp Elementary Scholastic Academy,41.948571,-87.777631,828,False,True,False,True,94.0,,6024 W WARWICK Ave,Illinois,60634,,0017
90,610088,Wolfgang A Mozart Elementary School,41.92091,-87.721888,517,False,True,True,True,88.5,,2200 N HAMLIN Ave,Illinois,60647,,0022
91,400181,Art in Motion Charter School,41.760034,-87.583328,557,True,True,False,False,89.2,,7415 S EAST END ,IL,60649-3611,,0043
92,610092,Henry H Nash Elementary School,41.89181,-87.747936,265,False,True,True,True,88.2,,4837 W ERIE St,Illinois,60644-1720,,0025
93,610539,Marvin Camras Elementary School,41.934931,-87.770127,713,False,True,True,True,91.7,,3000 N MANGO Ave,Illinois,60634,,0019
94,400076,University of Chicago - North Kenwood/Oakland,41.811183,-87.598786,304,False,False,False,True,90.8,,1119 E 46TH St,Illinois,60653,,0039
95,610110,Ida B Wells Preparatory Elementary Academy,41.827355,-87.61978,294,False,True,True,True,90.6,,249 E 37TH St,Illinois,60653,,0035
96,610132,Edgar Allan Poe Elementary Classical School,41.70263,-87.606419,224,False,True,False,True,95.3,,10538 S LANGLEY Ave,Illinois,60628,,0050
97,609773,Harriet Tubman Elementary School,41.934126,-87.656229,304,False,True,True,True,92.0,,2851 N SEMINARY Ave,Illinois,60657,,0006
98,610086,Mount Vernon Elementary School,41.701952,-87.647652,259,False,True,True,True,89.6,,10540 S MORGAN St,Illinois,60643,,0073
99,609960,Nathan Hale Elementary School,41.780192,-87.776579,763,False,True,True,True,91.3,,6140 S MELVINA Ave,Illinois,60638,,0064
100,609793,Lillian R. Nicholson STEM Academy,41.784942,-87.647453,539,False,True,True,True,93.5,,6006 S PEORIA St,Illinois,60621,,0068
101,610068,Hanson Park Elementary School,41.923955,-87.761515,1117,False,True,True,True,89.6,,5411 W FULLERTON Ave,Illinois,60639,,0019
102,610105,Oriole Park Elementary School,41.978501,-87.812054,609,False,True,True,True,92.4,,5424 N OKETO Ave,Illinois,60656,,0010
103,610094,Louis Nettelhorst Elementary School,41.941637,-87.644561,643,False,True,True,True,92.8,,3252 N BROADWAY St,Illinois,60657,,0006
104,610098,Alfred Nobel Elementary School,41.906155,-87.729955,597,False,True,True,True,90.5,,4127 W HIRSCH St,Illinois,60651,,0023
105,610147,Philip Rogers Elementary School,42.015265,-87.697185,805,False,True,True,True,92.5,,7345 N WASHTENAW Ave,Illinois,60645,,0002
106,610197,Mancel Talcott Elementary School,41.892405,-87.673723,485,False,True,True,True,92.9,,1840 W OHIO St,Illinois,60622,,0024
107,610029,Rodolfo Lozano Bilingual & International Ctr ES,41.908886,-87.665093,247,False,True,True,True,88.0,,1501 N GREENVIEW Ave,Illinois,60642,,0024
108,610198,Douglas Taylor Elementary School,41.71547,-87.532971,350,False,True,True,True,88.7,,9912 S AVENUE H ,Illinois,60617,,0052
109,610043,Joseph Lovett Elementary School,41.912718,-87.783919,335,False,True,True,True,93.7,,6333 W BLOOMINGDALE Ave,Illinois,60639,,0025
110,609955,Walter Q Gresham Elementary School,41.73892,-87.645025,327,False,True,True,True,93.5,,8524 S GREEN St,Illinois,60620,,0071
111,609772,Jane Addams Elementary School,41.698739,-87.532976,552,False,True,True,True,90.4,,10810 S AVENUE H ,Illinois,60617-6726,,0052
112,400085,Acero Charter Schools - Major Hector P. Garcia MD,41.809171,-87.730467,643,True,False,False,False,85.4,92.3,4248 W 47TH St,Illinois,60632,,0057
113,610304,Phoenix Military Academy High School,41.879118,-87.68696,360,True,False,False,False,89.2,91.0,145 S CAMPBELL Ave,Illinois,60612,,0028
114,610077,Donald Morrill Math & Science Elementary School,41.784313,-87.688549,583,False,True,True,True,89.5,,6011 S ROCKWELL St,Illinois,60629,,0066
115,400131,YCCS-Dr. Pedro Albizu Campos Puerto Rican HS,41.90285,-87.696006,160,True,False,False,False,61.6,,2739 W DIVISION St,Illinois,60622-2854,,0024
116,610405,Suder Montessori Magnet ES,41.883215,-87.677636,430,False,True,True,True,91.2,,2022 W WASHINGTON Blvd,Illinois,60612,,0028
117,609695,Roald Amundsen High School,41.975067,-87.679484,1388,True,False,False,False,85.6,89.5,5110 N DAMEN Ave,Illinois,60625,,0004
118,610083,Daniel C Beard Elementary School,41.970125,-87.78963,425,False,False,True,True,81.8,,6445 W STRONG St,Illinois,60656-4011,,0010
119,609920,Gerald Delgado Kanoon Elementary Magnet School,41.850771,-87.705112,397,False,True,True,True,88.8,,2233 S KEDZIE Ave,Illinois,60623,,0030
120,610157,Sidney Sawyer Elementary School,41.797498,-87.705006,908,False,True,True,True,90.3,,5248 S SAWYER Ave,Illinois,60632,,0063
121,610308,Wilma Rudolph Elementary Learning Center,41.883568,-87.669477,112,False,True,True,True,49.8,,1628 W WASHINGTON Blvd,Illinois,60612-2613,,0028
122,609981,Phoebe Apperson Hearst Elementary School,41.808175,-87.745726,292,False,True,True,True,90.5,,4640 S LAMON Ave,Illinois,60638,,0056
123,609895,Turner-Drew Elementary Language Academy,41.725609,-87.630164,194,False,True,False,True,93.1,,9300 S PRINCETON Ave,Illinois,60620,,0049
124,610592,Englewood STEM High School,41.770251,-87.639061,604,True,False,False,False,71.5,,6835 S NORMAL ,Illinois,60621-2535,,0068
125,609753,Chicago High School for Agricultural Sciences,41.691221,-87.71777,756,True,False,False,False,91.0,79.7,3857 W 111TH St,Illinois,60655-4009,,0074
126,610019,Joshua D Kershaw Elementary School,41.776453,-87.640892,225,False,True,True,True,91.3,,6450 S LOWE Ave,Illinois,60621,,0068
127,400092,CICS - Lloyd Bond,41.653663,-87.605039,275,False,False,False,True,85.9,,13300 S LANGLEY Ave,Illinois,60827,,0054
128,609849,George F Cassell Elementary School,41.687347,-87.703215,367,False,True,False,True,92.4,,11314 S SPAULDING Ave,Illinois,60655,,0074
129,610312,Mary E McDowell Elementary School,41.733132,-87.589589,115,False,False,True,True,94.0,,1419 E 89TH St,Illinois,60619,,0048
130,610003,Paul Cuffe Math-Science Technology Academy ES,41.742452,-87.653633,250,False,True,True,True,92.1,,8324 S RACINE Ave,Illinois,60620,,0071
131,609748,Consuella B York Alternative High School,41.842533,-87.695261,154,True,False,False,False,60.3,,2700 S CALIFORNIA Ave,Illinois,60608,,0030
132,400167,Horizon Science Academy Southwest Chicago Charter,41.795201,-87.683963,706,True,True,False,True,91.8,89.3,5401 S WESTERN Ave,Illinois,60609,,0063
133,610239,Richard J Daley Elementary Academy,41.802343,-87.672206,522,False,True,True,True,90.7,,5024 S WOLCOTT Ave,Illinois,60609,,0061
134,610218,Joseph Warren Elementary School,41.726763,-87.575353,308,False,True,True,True,91.4,,9239 S JEFFERY Ave,Illinois,60617,,0048
135,400013,ASPIRA Charter School - Early College High School,41.937298,-87.727096,278,True,False,False,False,86.2,91.4,3986 W BARRY Ave,Illinois,60618,,0021
136,610542,West Ridge Elementary School,42.002959,-87.705917,699,False,True,True,True,90.8,,6700 N WHIPPLE St,Illinois,60645,,0002
137,610146,Paul Revere Elementary School,41.764196,-87.600177,191,False,True,True,True,88.5,,1010 E 72ND St,Illinois,60619,,0069
138,610052,Horace Mann Elementary School,41.748274,-87.574816,289,False,True,True,True,91.2,,8050 S CHAPPEL Ave,Illinois,60617,,0046
139,610565,Excel Academy of Englewood,41.763896,-87.649124,265,True,True,False,False,70.7,23.3,7141 S MORGAN ,Illinois,60621-5000,,0068
140,400030,CICS - West Belden,41.921687,-87.776749,524,False,True,False,True,92.3,,2245 N MCVICKER Ave,Illinois,60639,,0019
141,400179,Noble Mansueto High School,41.800136,-87.728003,1061,True,False,False,False,89.8,91.0,2911 W 47TH ,Illinois,60632-1906,,0057
142,610104,William J Onahan Elementary School,41.99379,-87.793108,649,False,True,True,True,92.3,,6634 W RAVEN St,Illinois,60631,,0010
143,609883,Charles S Deneen Elementary School,41.76249,-87.623345,475,False,True,True,True,90.1,,7240 S WABASH Ave,Illinois,60619,,0069
144,609990,South Loop Elementary School,41.859741,-87.628349,867,False,True,True,True,93.8,,1601 S DEARBORN St,Illinois,60616-1225,,0033
145,609725,Morgan Park High School,41.692035,-87.665658,1188,True,True,False,False,78.9,85.2,1744 W PRYOR Ave,Illinois,60643,,0075
146,610095,Walter L Newberry Math & Science Academy ES,41.913947,-87.64599,328,False,True,True,True,90.1,,700 W WILLOW St,Illinois,60614,,0007
147,609724,Stephen T Mather High School,41.987589,-87.702496,1616,True,False,False,False,84.1,85.6,5835 N LINCOLN Ave,Illinois,60659,,0002
148,609830,Milton Brunson Math & Science Specialty ES ,41.897663,-87.765606,477,False,True,True,True,86.8,,932 N CENTRAL Ave,Illinois,60651,,0025
149,610107,James Otis Elementary School,41.891806,-87.665426,339,False,True,True,True,88.6,,525 N ARMOUR St,Illinois,60642,,0024
150,609848,Ira F Aldridge Elementary School,41.657405,-87.606474,259,False,True,True,True,88.5,,630 E 131ST St,Illinois,60827,,0054
151,609829,John C Burroughs Elementary School,41.828868,-87.692457,305,False,True,True,True,92.0,,3542 S WASHTENAW Ave,Illinois,60632,,0058
152,610026,John H Kinzie Elementary School,41.789965,-87.779483,639,False,True,True,True,92.8,,5625 S MOBILE Ave,Illinois,60638,,0056
153,610036,Leslie Lewis Elementary School,41.906826,-87.75455,430,False,True,True,True,89.0,,1431 N LEAMINGTON Ave,Illinois,60651,,0025
154,610131,Ambrose Plamondon Elementary School,41.860259,-87.692526,96,False,True,False,True,90.7,,2642 W 15TH Pl,Illinois,60608,,0029
155,400156,Noble - Butler College Prep,41.706667,-87.602573,648,True,False,False,False,85.9,89.9,821 E 103RD St,Illinois,60628,,0050
156,609712,Emil G Hirsch Metropolitan High School,41.753748,-87.601727,101,True,False,False,False,72.4,54.2,7740 S INGLESIDE Ave,Illinois,60619,,0069
157,609796,Jean Baptiste Beaubien Elementary School,41.972394,-87.757565,1001,False,True,True,True,92.4,,5025 N LARAMIE Ave,Illinois,60630,,0011
158,610364,William E B Dubois Elementary School,41.653733,-87.61432,198,False,True,True,True,91.9,,330 E 133RD St,Illinois,60827,,0054
159,610572,Safe Achieve Academy Elementary,41.753117,-87.550513,5,False,True,False,True,77.7,,7877 S COLES Ave,Illinois,60649-4817,,0043
160,609809,Lorenz Brentano Math & Science Academy ES,41.930966,-87.696294,768,False,True,True,True,91.8,,2723 N FAIRFIELD Ave,Illinois,60647,,0022
161,610513,Air Force Academy High School,41.828145,-87.632757,130,True,False,False,False,86.9,90.0,3630 S WELLS St,Illinois,60609,,0034
162,400081,Acero Charter Schools - Bartolom√© de las Casas,41.859504,-87.667949,179,False,True,False,True,91.0,,1641 W 16TH St,Illinois,60608,,0028
163,609887,Arthur Dixon Elementary School,41.743669,-87.609979,425,False,True,True,True,92.6,,8306 S SAINT LAWRENCE Ave,Illinois,60619,,0044
164,609674,Chicago Vocational Career Academy High School,41.737174,-87.573268,591,True,False,False,False,80.6,78.1,2100 E 87TH St,Illinois,60617,,0045
165,609922,Belmont-Cragin Elementary School,41.92095,-87.757343,529,False,True,True,True,91.4,,6112 W FULLERTON Ave,Illinois,60639-2705,,0019
166,610097,William P Nixon Elementary School,41.919581,-87.73142,686,False,False,True,True,90.1,,2121 N KEELER Ave,Illinois,60639,,0020
167,610048,George Manierre Elementary School,41.908247,-87.639827,276,False,True,True,True,82.3,,1420 N HUDSON Ave,Illinois,60610,,0008
168,610032,Wendell E Green Elementary School,41.719292,-87.6525,268,False,True,True,True,91.9,,1150 W 96TH St,Illinois,60643,,0073
169,400144,YCCS-West HS,41.90224,-87.74881,96,True,False,False,False,63.6,,4909 W DIVISION St,Illinois,60651,,0025
170,610063,Cyrus H McCormick Elementary School,41.842267,-87.7063,482,False,False,True,True,91.5,,2712 S SAWYER Ave,Illinois,60623,,0030
171,609872,Manuel Perez Elementary School,41.856029,-87.65798,294,False,True,True,True,92.8,,1241 W 19TH St,Illinois,60608,,0031
172,609997,Oliver Wendell Holmes Elementary School,41.793788,-87.649795,170,False,True,True,True,87.4,,955 W GARFIELD Blvd,Illinois,60621,,0068
173,610206,Mark Twain Elementary School,41.799046,-87.758928,859,False,True,True,True,91.9,,5134 S LOTUS Ave,Illinois,60638,,0056
174,610316,Amelia Earhart Options for Knowledge ES,41.726107,-87.582182,195,False,True,False,True,94.6,,1710 E 93RD St,Illinois,60617,,0048
175,610141,Ravenswood Elementary School,41.960746,-87.670922,518,False,True,True,True,92.7,,4332 N PAULINA St,Illinois,60613,,0006
176,610017,Maria Saucedo STEAM Magnet Academy,41.847941,-87.697316,925,False,True,True,True,90.2,,2850 W 24TH Blvd,Illinois,60623,,0030
177,400028,CICS - Prairie,41.684433,-87.616888,420,False,True,False,True,89.5,,11530 S PRAIRIE Ave,Illinois,60628,,0053
178,610093,Jane A Neil Elementary School,41.738407,-87.620933,250,False,True,True,True,87.9,,8555 S MICHIGAN Ave,Illinois,60619,,0044
179,610533,Dr Jorge Prieto Math and Science,41.921318,-87.765781,738,False,True,True,True,91.6,,2231 N CENTRAL Ave,Illinois,60639,,0019
180,609879,Charles Gates Dawes Elementary School,41.745078,-87.717353,938,False,True,True,True,91.0,,3810 W 81ST Pl,Illinois,60652,,0070
181,609853,Salmon P Chase Elementary School,41.917993,-87.694562,420,False,True,True,True,90.7,,2021 N POINT St,Illinois,60647,,0022
182,610524,Louisa May Alcott College Preparatory HS,41.935795,-87.680562,344,True,False,False,False,86.6,91.5,2957 N HOYNE Ave,Illinois,60618-8208,,0005
183,400022,Chicago High School for the Arts (ChiArts),41.899377,-87.694945,554,True,False,False,False,90.6,85.6,2714 W AUGUSTA Blvd,Illinois,60622,,0024
184,400149,Acero Charter Schools - Victoria Soto,41.801762,-87.711025,540,True,False,False,False,83.0,90.8,5025 S ST LOUIS Ave,Illinois,60632,,0063
185,609961,Ninos Heroes Elementary Academic Center,41.743753,-87.551862,319,False,True,True,True,88.1,,8344 S COMMERCIAL Ave,Illinois,60617,,0046
186,400129,YCCS-Progressive Leadership Academy,41.773962,-87.61574,139,True,False,False,False,62.0,,6620 S DR MARTIN LUTHER KING JR Dr,Illinois,60637-3210,,0069
187,400094,EPIC Academy Charter High School,41.744849,-87.550222,239,True,False,False,False,80.0,77.9,8255 S HOUSTON Ave,Illinois,60617,,0046
188,609679,Charles Allen Prosser Career Academy High School,41.920059,-87.761048,1150,True,False,False,False,82.0,84.7,2148 N LONG Ave,Illinois,60639,,0019
189,610090,Phillip Murray Elementary Language Academy,41.798535,-87.59334,464,False,True,False,True,91.8,,5335 S KENWOOD Ave,Illinois,60615,,0041
190,400127,YCCS-Austin Career Education Center HS,41.894976,-87.760221,0,True,False,False,False,,,5352 W CHICAGO Ave,Illinois,60651,,0025
191,400178,Moving Everest Charter School,41.888259,-87.755281,739,False,True,False,True,89.3,,416 N LARAMIE Ave,Illinois,60644-1906,,0025
192,610176,John D Shoop Math-Science Technical Academy ES,41.690919,-87.658669,516,False,True,True,True,92.3,,11140 S BISHOP St,Illinois,60643,,0075
193,610163,Frederick Stock Elementary School,42.016892,-87.814195,230,False,False,True,False,,,7507 W BIRCHWOOD Ave,Illinois,60631,,0009
194,609819,Edmond Burke Elementary School,41.79676,-87.616141,342,False,True,True,True,83.9,,5356 S KING Dr,Illinois,60615,,0040
195,400089,Acero Charter Schools - Officer Donald J. Marquez,41.808309,-87.697394,512,False,True,False,True,92.1,,2916 W 47TH St,Illinois,60632,,0058
196,609851,Thomas Chalmers STEAM Elementary School,41.866435,-87.695259,204,False,True,True,True,96.5,,2745 W ROOSEVELT Rd,Illinois,60608,,0029
197,610355,Mary E Courtenay Elementary Language Arts Center,41.962308,-87.663853,267,False,True,True,True,88.6,,4420 N BEACON St,Illinois,60640,,0003
198,610390,Hyman G Rickover Naval Academy High School,41.957599,-87.769938,517,True,False,False,False,87.1,93.0,5700 W BERTEAU Ave,Illinois,60634-1717,,0015
199,610055,Michael Faraday Elementary School,41.879714,-87.708092,175,False,True,True,True,88.4,,3250 W MONROE St,Illinois,60624,,0027
200,609698,William J Bogan High School,41.749376,-87.721097,604,True,False,False,False,76.7,71.3,3939 W 79TH St,Illinois,60652,,0070
201,609746,Kenwood Academy High School,41.803772,-87.590421,2202,True,True,False,False,88.6,94.4,5015 S BLACKSTONE Ave,Illinois,60615,,0039
202,400098,Noble - Muchin College Prep,41.88274,-87.626338,901,True,False,False,False,88.7,96.4,1 N STATE St,Illinois,60602,,0032
203,400162,Intrinsic Charter School,41.938988,-87.741129,968,True,True,False,False,88.6,92.9,4540 W BELMONT Ave,Illinois,60641,,0016
204,609969,Bret Harte Elementary School,41.793447,-87.586855,351,False,True,True,True,90.3,,1556 E 56TH St,Illinois,60637,,0041
205,610248,Chicago Academy Elementary School,41.943056,-87.778187,547,False,True,True,True,92.1,,3400 N AUSTIN Ave,Illinois,60634,,0017
206,609978,Wendell Smith Elementary School,41.707558,-87.60466,356,False,True,True,True,94.9,,744 E 103RD St,Illinois,60628,,0050
207,400124,YCCS- McKinley Lakeside Leadership HS,41.841331,-87.625331,105,True,False,False,False,73.2,,2920 S WABASH Ave,Illinois,60616,,0035
208,609893,John C Dore Elementary School,41.773825866,-87.79974193,745,False,True,True,True,91.5,,7134 W 65TH St,Illinois,60638-4606,,0064
209,400120,Acero Charter Schools - Roberto Clemente,41.917952,-87.78783,461,False,True,False,True,92.2,,2050 N NATCHEZ Ave,Illinois,60707,,0019
210,610202,George W Tilton Elementary School,41.884102,-87.730566,257,False,True,True,True,87.8,,223 N KEELER Ave,Illinois,60624,,0026
211,610282,Ronald E McNair Elementary School,41.897819,-87.746731,336,False,True,True,True,90.4,,4820 W WALTON St,Illinois,60651,,0025
212,610060,Chicago World Language Academy,41.8743,-87.660985,449,False,True,False,True,94.6,,1340 W HARRISON St,Illinois,60607,,0028
213,609975,John Hay Elementary Community Academy,41.899171,-87.755813,254,False,True,True,True,90.0,,1018 N LARAMIE Ave,Illinois,60651,,0025
214,610155,Sauganash Elementary School,41.991169,-87.745951,701,False,True,True,True,93.9,,6040 N KILPATRICK Ave,Illinois,60646,,0012
215,610199,Johnnie Colemon Elementary Academy,41.677505,-87.658111,164,False,True,True,True,92.2,,1441 W 119TH St,Illinois,60643,,0053
216,609983,James Hedges Elementary School,41.807112,-87.673327,509,False,True,True,True,91.3,,4747 S WINCHESTER Ave,Illinois,60609,,0061
217,609973,Emiliano Zapata Elementary Academy,41.841394,-87.734313,513,False,True,True,True,91.4,,2728 S KOSTNER Ave,Illinois,60623,,0030
218,609959,John Charles Haines Elementary School,41.849958,-87.633806,461,False,True,True,True,96.9,,247 W 23RD Pl,Illinois,60616,,0034
219,400052,Noble - Gary Comer College Prep,41.764083,-87.601974,986,True,True,False,True,84.5,82.7,7131 S SOUTH CHICAGO Ave,Illinois,60619,,0069
220,400060,Asian Human Services - Passages Charter School,41.983371,-87.67116,352,False,True,False,True,89.7,,1643 W BRYN MAWR Ave,Illinois,60660,,0077
221,609967,William F Finkl Elementary School,41.849215,-87.685668,246,False,True,True,True,89.8,,2332 S WESTERN Ave,Illinois,60608,,0031
222,610547,South Shore Intl College Prep High School,41.758792,-87.576353,589,True,False,False,False,81.7,92.9,1955 E 75TH St,Illinois,60649,,0043
223,400086,Urban Prep Academy for Young Men - Englewood,41.781498,-87.634357,82,True,False,False,False,91.6,83.8,6201 S STEWART Ave,Illinois,60621,,0068
224,610142,William H Ray Elementary School,41.792348,-87.594752,612,False,True,True,True,91.4,,5631 S KIMBARK Ave,Illinois,60637,,0041
225,610354,North River Elementary School,41.961721,-87.707151,319,False,True,True,True,93.8,,3729 W LELAND Ave,Illinois,60625-5706,,0014
226,400079,Acero Charter Schools - SPC Daniel Zizumbo,41.810135,-87.730495,527,False,True,False,True,91.6,,4248 W 47TH St,Illinois,60632,,0057
227,609732,Charles P Steinmetz College Preparatory HS,41.935634,-87.783515,1050,True,False,False,False,75.4,79.0,3030 N MOBILE Ave,Illinois,60634,,0019
228,609836,Arthur E Canty Elementary School,41.948007,-87.829296,809,False,True,True,True,92.1,,3740 N PANAMA Ave,Illinois,60634,,0017
229,609739,George Washington High School,41.688137,-87.53757,1464,True,False,False,False,82.9,84.4,3535 E 114TH St,Illinois,60617,,0052
230,609782,John J Audubon Elementary School,41.945062,-87.681041,613,False,True,True,True,94.1,,3500 N HOYNE Ave,Illinois,60618,,0005
231,609815,Edward A Bouchet Math & Science Academy ES,41.760847,-87.576075,682,False,True,True,True,87.2,,7355 S JEFFERY Blvd,Illinois,60649,,0043
232,610295,Thomas J Higgins Elementary Community Academy,41.681031,-87.646994,254,False,True,True,True,89.6,,11710 S MORGAN St,Illinois,60643,,0053
233,609985,Helen M Hefferan Elementary School,41.878665,-87.735802,236,False,True,True,True,86.8,,4409 W WILCOX St,Illinois,60624,,0026
234,609733,Roger C Sullivan High School,42.002688,-87.669192,719,True,False,False,False,75.3,72.2,6631 N BOSWORTH Ave,Illinois,60626,,0001
235,610193,William K New Sullivan Elementary School,41.743829,-87.542928,482,False,True,True,True,87.6,,8331 S MACKINAW Ave,Illinois,60617,,0046
236,400080,Acero Charter Schools - PFC Omar E. Torres,41.8082,-87.73045,533,False,True,False,True,90.3,,4248 W 47TH St,Illinois,60632,,0057
237,610599,Catalpa Early Childhood Center,41.9759599,-87.7663557,235,False,False,True,False,,,5252 N LONG ,Illinois,60630-1438,,0011
238,610293,Genevieve Melody Elementary School,41.878799,-87.724661,346,False,True,True,True,98.0,,3937 W WILCOX St,Illinois,60624,,0026
239,610225,John Whistler Elementary School,41.683907,-87.655384,236,False,True,True,True,90.7,,11533 S ADA St,Illinois,60643,,0053
240,610024,Lazaro Cardenas Elementary School,41.848488,-87.716017,766,False,True,True,True,90.3,,2345 S MILLARD Ave,Illinois,60623,,0030
241,609762,Percy L Julian High School,41.705859,-87.653749,402,True,False,False,False,74.1,72.9,10330 S ELIZABETH St,Illinois,60643,,0073
242,609682,Ellen H Richards Career Academy High School,41.802881,-87.662278,326,True,False,False,False,76.2,76.9,5009 S LAFLIN St,Illinois,60609,,0061
243,609966,Charles G Hammond Elementary School,41.852719,-87.696243,258,False,True,True,True,89.4,,2819 W 21ST Pl,Illinois,60623,,0030
244,400163,KIPP Chicago Charter School - KIPP Bloom,41.793556,-87.639967,895,False,True,False,True,89.6,,5515 S LOWE Ave,Illinois,60621,,0068
245,400116,The Montessori School of Englewood Charter,41.774572,-87.676147,354,False,True,False,True,89.6,,6936 S HERMITAGE Ave,Illinois,60636-3333,,0067
246,400059,North Lawndale College Prep - Collins,41.864146,-87.700681,246,True,False,False,False,73.2,82.9,1313 S SACRAMENTO Dr,Illinois,60623,,0029
247,610057,Fairfield Elementary Academy,41.780904,-87.692115,481,False,True,True,True,90.0,,6201 S FAIRFIELD Ave,Illinois,60629,,0066
248,609993,Agustin Lara Elementary Academy,41.80977,-87.672182,363,False,True,True,True,90.1,,4619 S WOLCOTT Ave,Illinois,60609,,0061
249,609791,Perkins Bass Elementary School,41.774246,-87.653532,296,False,True,True,True,88.0,,1140 W 66TH St,Illinois,60621,,0068
250,609909,Edward Everett Elementary School,41.831555,-87.68131,87,False,False,True,True,96.0,,3419 S BELL Ave,Illinois,60608,,0059
251,610123,William Penn Elementary School,41.858372,-87.722386,229,False,True,True,True,89.4,,1616 S AVERS Ave,Illinois,60623,,0029
252,609996,Charles N Holden Elementary School,41.838027,-87.653792,413,False,True,True,True,91.3,,1104 W 31ST St,Illinois,60608,,0060
253,400011,Alain Locke Charter School,41.877248,-87.705235,342,False,True,False,True,90.1,,3141 W JACKSON Blvd,Illinois,60612,,0027
254,609754,Chicago Military Academy High School,41.830555,-87.619216,197,True,False,False,False,81.9,81.8,3519 S GILES Ave,Illinois,60653,,0035
255,400047,L.E.A.R.N. - Charles and Dorothy Campbell Campus,41.877861,-87.698739,344,False,False,False,True,89.3,,212 S FRANCISCO Ave,Illinois,60612,,0027
256,610207,John H Vanderpoel Elementary Magnet School,41.720817,-87.665559,245,False,True,False,True,94.5,,9510 S PROSPECT Ave,Illinois,60643,,0072
257,610174,James Shields Elementary School,41.815909,-87.689647,435,False,False,True,True,89.1,,4250 S ROCKWELL St,Illinois,60632,,0058
258,610368,Langston Hughes Elementary School,41.705342,-87.629869,464,False,True,True,True,86.8,,240 W 104TH St,Illinois,60628,,0049
259,609786,Avalon Park Elementary School,41.748247,-87.591654,233,False,True,True,True,88.7,,8045 S KENWOOD Ave,Illinois,60619,,0045
260,610238,Carrie Jacobs Bond Elementary School,41.765361,-87.653018,239,False,True,True,True,88.6,,7050 S MAY St,Illinois,60621,,0068
261,609862,Edward Coles Elementary Language Academy,41.741413,-87.56597,293,False,True,True,True,89.2,,8441 S YATES Blvd,Illinois,60617,,0046
262,609828,Jonathan Burr Elementary School,41.912358,-87.668661,460,False,True,False,True,94.1,,1621 W WABANSIA Ave,Illinois,60622,,0024
263,610135,Portage Park Elementary School,41.956988,-87.761007,943,False,True,True,True,90.8,,5330 W BERTEAU Ave,Illinois,60641,,0015
264,400021,Catalyst Elementary Charter School - Circle Rock,41.882322,-87.765322,498,False,True,False,True,91.8,,5608 W WASHINGTON Blvd,Illinois,60644,,0025
265,610180,John M Smyth Elementary School,41.865351,-87.653445,372,False,True,True,True,87.4,,1059 W 13TH St,Illinois,60608,,0028
266,610564,Disney II Magnet High School,41.952488,-87.721364,714,True,True,False,False,84.4,90.0,3900 N LAWNDALE Ave,Illinois,60618,,0016
267,610350,Robert A Black Magnet Elementary School,41.729692,-87.576643,333,False,True,False,True,95.3,,9101 S EUCLID Ave,Illinois,60617-3749,,0048
268,609875,Charles R Darwin Elementary School,41.923323,-87.705413,500,False,True,True,True,92.5,,3116 W BELDEN Ave,Illinois,60647,,0022
269,609779,George Armstrong International Studies ES,42.01015,-87.684442,1306,False,True,True,True,92.2,,2110 W GREENLEAF Ave,Illinois,60645,,0002
270,400180,KIPP One Academy,41.893805,-87.726615,989,False,True,False,True,93.0,,730 N PULASKI ,Illinois,60624-1063,,0023
271,609919,John Fiske Elementary School,41.785183,-87.608633,392,False,True,True,True,87.1,,6020 S LANGLEY Ave,Illinois,60637,,0042
272,609871,Barbara Vick Early Childhood & Family Center,41.688191,-87.685677,452,False,False,True,False,,,2554 W 113TH St,Illinois,60655,,0075
273,609710,John M Harlan Community Academy High School,41.718372,-87.620623,171,True,False,False,False,66.2,75.3,9652 S MICHIGAN Ave,Illinois,60628,,0049
274,609976,Stephen K Hayt Elementary School,41.994541,-87.668504,898,False,True,True,True,91.0,,1518 W GRANVILLE Ave,Illinois,60660,,0077
275,400118,Noble - DRW College Prep,41.869328,-87.711654,295,True,False,False,False,75.6,80.7,931 S HOMAN Ave,Illinois,60624,,0029
276,609866,John C Coonley Elementary School,41.955553,-87.683765,725,False,True,False,True,94.2,,4046 N LEAVITT St,Illinois,60618,,0005
277,610170,Columbia Explorers Elementary Academy,41.811069,-87.704199,730,False,True,True,True,93.6,,4520 S KEDZIE Ave,Illinois,60632,,0058
278,610499,Collins Academy STEAM High School,41.864149,-87.702042,197,True,False,False,False,80.5,72.3,1313 S SACRAMENTO Dr,Illinois,60623,,0029
279,609764,Benito Juarez Community Academy High School,41.852667,-87.663732,1480,True,False,False,False,76.4,86.6,1450 W CERMAK Rd,Illinois,60608-4408,,0031
280,609691,North-Grand High School,41.911674,-87.735238,1020,True,False,False,False,80.9,82.7,4338 W WABANSIA Ave,Illinois,60639,,0023
281,609805,Scott Joplin Elementary School,41.749339,-87.669366,277,False,True,True,True,89.6,,7931 S HONORE St,Illinois,60620,,0071
282,610165,Franz Peter Schubert Elementary School,41.930403,-87.76119,551,False,False,True,True,90.1,,2727 N LONG Ave,Illinois,60639,,0019
283,609810,Norman A Bridge Elementary School,41.949114,-87.798669,1093,False,True,True,True,91.2,,3800 N NEW ENGLAND Ave,Illinois,60634,,0017
284,610108,Luke O'Toole Elementary School,41.774571,-87.674865,346,False,True,True,True,89.0,,6550 S SEELEY Ave,Illinois,60636,,0067
285,610279,Henry O Tanner Elementary School,41.760673,-87.606791,272,False,True,True,True,86.8,,7350 S EVANS Ave,Illinois,60619,,0069
286,610366,Charles H Wacker Elementary School,41.716193,-87.648044,217,False,True,True,True,93.9,,9746 S MORGAN St,Illinois,60643,,0073
287,609800,Frank I Bennett Elementary School,41.710435,-87.61739,290,False,True,True,True,90.6,,10115 S PRAIRIE Ave,Illinois,60628,,0049
288,609723,John Marshall Metropolitan High School,41.878444,-87.70805,208,True,False,False,False,68.2,79.7,3250 W ADAMS St,Illinois,60624,,0027
289,609735,Edward Tilden Career Community Academy HS,41.80751,-87.642966,254,True,False,False,False,74.3,57.4,4747 S UNION Ave,Illinois,60609,,0061
290,610518,Austin College and Career Academy High School,41.885993,-87.761916,141,True,False,False,False,61.5,66.7,231 N PINE Ave,Illinois,60644,,0025
291,400057,Noble - UIC College Prep,41.865817,-87.676111,913,True,False,False,False,85.2,92.1,1231 S DAMEN Ave,Illinois,60608,,0028
292,610116,Parkside Elementary Community Academy,41.768555,-87.582954,289,False,True,True,True,86.9,,6938 S EAST END Ave,Illinois,60649,,0043
293,609864,John W Cook Elementary School,41.745237,-87.659775,334,False,True,True,True,91.8,,8150 S BISHOP St,Illinois,60620,,0071
294,610112,Francis W Parker Elementary Community Academy,41.77078,-87.634086,354,False,True,True,True,87.7,,6800 S STEWART Ave,Illinois,60621,,0068
295,610369,Mahalia Jackson Elementary School,41.734125,-87.646767,316,False,True,True,True,89.2,,917 W 88TH St,Illinois,60620,,0071
296,610159,Jonathan Y Scammon Elementary School,41.941678,-87.732179,617,False,True,True,True,90.2,,4201 W HENDERSON St,Illinois,60641,,0016
297,610208,Mildred I Lavizzo Elementary School,41.696262,-87.627148,410,False,True,True,True,92.5,,138 W 109TH St,Illinois,60628,,0049
298,610246,Edward Beasley Elementary Magnet Academic Center,41.798465,-87.625692,1125,False,True,True,True,91.0,,5255 S STATE St,Illinois,60609,,0040
299,400071,Providence Englewood Charter School,41.775367,-87.663996,418,False,True,False,True,90.0,,6515 S ASHLAND Ave,Illinois,60636,,0067
300,609929,Robert Fulton Elementary School,41.79758,-87.668436,331,False,True,True,True,88.5,,5300 S HERMITAGE Ave,Illinois,60609,,0061
301,609680,Walter Payton College Preparatory High School,41.901575,-87.635385,1249,True,False,False,False,92.4,98.7,1034 N WELLS St,Illinois,60610,,0008
302,610593,Ombudsman Chicago - Roseland,41.695105,-87.642816,162,True,False,False,False,50.4,,10928 S HALSTED ,IL,60628-3128,,0075
303,609986,Charles R Henderson Elementary School,41.790591,-87.671887,263,False,True,True,True,89.8,,5650 S WOLCOTT Ave,Illinois,60636,,0067
304,609761,George H Corliss High School,41.70666,-87.601216,378,True,False,False,False,78.4,79.2,821 E 103RD St,Illinois,60628,,0050
305,610323,Bowen High School,41.734627,-87.55755,268,True,False,False,False,72.7,58.1,2710 E 89TH St,Illinois,60617,,0046
306,610070,James B McPherson Elementary School,41.967847,-87.676288,816,False,True,True,True,93.2,,4728 N WOLCOTT Ave,Illinois,60640,,0004
307,400139,YCCS-Sullivan House Alternative HS,41.746287,-87.578492,294,True,False,False,False,81.4,,8164 S SOUTH CHICAGO Ave,Illinois,60617,,0045
308,400135,YCCS-Latino Youth Alternative HS,41.854665,-87.69543,148,True,False,False,False,62.3,,2001 S CALIFORNIA Ave,Illinois,60608,,0030
309,609797,Jacob Beidler Elementary School,41.885321,-87.705855,244,False,True,True,True,90.1,,3151 W WALNUT St,Illinois,60612,,0027
310,610223,Daniel S Wentworth Elementary School,41.765076,-87.658205,483,False,True,True,True,88.6,,1340 W 71ST St,Illinois,60636,,0067
311,610215,Francisco I Madero Middle School,41.840957,-87.705064,234,False,True,False,True,89.7,,3202 W 28TH St,Illinois,60623,,0030
312,610219,George Washington Elementary School,41.688131,-87.536015,568,False,True,True,True,91.8,,3611 E 114TH St,Illinois,60617,,0052
313,610002,Thomas Hoyne Elementary School,41.733338,-87.568228,226,False,True,True,True,91.1,,8905 S CRANDON Ave,Illinois,60617,,0048
314,610047,James Madison Elementary School,41.759548,-87.590712,223,False,True,True,True,87.2,,7433 S DORCHESTER Ave,Illinois,60619,,0043
315,610126,John J Pershing STEAM Magnet Elementary School,41.836527,-87.618338,437,False,True,True,True,91.8,,3200 S CALUMET Ave,Illinois,60616,,0035
316,609972,Helge A Haugan Elementary School,41.964029,-87.723128,1082,False,True,True,True,92.1,,4540 N HAMLIN Ave,Illinois,60625,,0014
317,610015,Joseph Jungman STEM Magnet Elementary School,41.858065,-87.652302,316,False,True,True,True,89.6,,1746 S MILLER St,Illinois,60608,,0031
318,610041,Josephine C Locke Elementary School,41.931762,-87.795604,1099,False,True,True,True,89.9,,2828 N OAK PARK Ave,Illinois,60634,,0018
319,610245,Frederick A Douglass Academy High School,41.890369,-87.767668,26,True,False,False,False,75.4,,543 N WALLER Ave,Illinois,60644,,0025
320,609821,Burnham Elementary Inclusive Academy,41.714402,-87.567131,385,False,True,True,True,89.9,,9928 S CRANDON Ave,Illinois,60617,,0051
321,609693,George Westinghouse College Prep,41.889977,-87.707332,1195,True,False,False,False,86.2,96.5,3223 W FRANKLIN Blvd,Illinois,60624,,0023
322,610056,Roswell B Mason Elementary School,41.856864,-87.731672,239,False,True,True,True,87.2,,4217 W 18TH St,Illinois,60623,,0029
323,609900,George W Curtis Elementary School,41.685418,-87.621653,366,False,True,True,True,86.7,,32 E 115TH St,Illinois,60628,,0049
324,610362,Medgar Evers Elementary School,41.715665,-87.639305,225,False,True,True,True,91.1,,9811 S LOWE Ave,Illinois,60628,,0073
325,400151,L.E.A.R.N. Charter School - 7th Campus,41.88741,-87.701397,146,False,False,False,True,93.4,,3021 W CARROLL Ave,Illinois,60612,,0027
326,610384,Infinity Math Science and Technology High School,41.836169,-87.735278,405,True,False,False,False,89.3,92.6,3120 S KOSTNER Ave,Illinois,60623,,0030
327,610191,Stone Elementary Scholastic Academy,41.995359,-87.684793,541,False,True,False,True,93.2,,6239 N LEAVITT St,Illinois,60659,,0002
328,610016,Kate S Kellogg Elementary School,41.725263,-87.677233,302,False,True,False,True,95.0,,9241 S LEAVITT St,Illinois,60643-6318,,0072
329,609958,Frank W Gunsaulus Elementary Scholastic Academy,41.813007,-87.699364,662,False,True,True,True,94.4,,4420 S SACRAMENTO Ave,Illinois,60632,,0058
330,610127,Mary Gage Peterson Elementary School,41.981557,-87.712583,911,False,True,True,True,91.9,,5510 N CHRISTIANA Ave,Illinois,60625,,0013
331,610096,Florence Nightingale Elementary School,41.797714,-87.689139,920,False,True,True,True,92.2,,5250 S ROCKWELL St,Illinois,60632,,0063
332,610383,Greater Lawndale High School For Social Justice,41.833507,-87.735299,263,True,False,False,False,81.3,81.3,3120 S KOSTNER Ave,Illinois,60623,,0030
333,400083,Acero Charter Schools - Octavio Paz Campus,41.850035,-87.692551,100,False,True,False,True,93.1,,2651 W 23RD St,Illinois,60608,,0030
334,609727,Wendell Phillips Academy High School,41.82388,-87.619796,405,True,False,False,False,63.5,75.2,244 E PERSHING Rd,Illinois,60653,,0035
335,400091,Chicago Technology Academy High School,41.863301,-87.659095,301,True,False,False,False,87.3,92.8,1301 W 14TH St,Illinois,60608,,0028
336,610329,Orozco Fine Arts & Sciences Elementary School,41.857755,-87.67521,282,False,True,True,True,94.6,,1940 W 18TH St,Illinois,60608,,0031
337,609891,James R Doolittle Jr Elementary School,41.831121,-87.612275,256,False,True,True,True,90.1,,535 E 35TH St,Illinois,60616,,0035
338,610573,Safe Achieve Academy HS,41.753115,-87.551804,34,True,False,False,False,74.9,,7877 S COLES Ave,Illinois,60649-4817,,0043
339,610054,John L Marsh Elementary School,41.716588,-87.552483,629,False,True,True,True,91.0,,9822 S EXCHANGE Ave,Illinois,60617,,0051
340,610089,John B Murphy Elementary School,41.950078,-87.716832,519,False,True,True,True,91.3,,3539 W GRACE St,Illinois,60618,,0016
341,609741,Gurdon S Hubbard High School,41.780526,-87.718014,1527,True,False,False,False,80.3,85.4,6200 S HAMLIN Ave,Illinois,60629,,0065
342,610276,Irvin C Mollison Elementary School,41.814358,-87.616618,252,False,True,True,True,85.1,,4415 S DR MARTIN L KING JR Dr,Illinois,60653,,0038
343,610030,Charles Kozminski Elementary Community Academy,41.798002,-87.602481,282,False,True,True,True,89.0,,936 E 54TH St,Illinois,60615,,0041
344,609774,Louisa May Alcott College Preparatory ES,41.92985,-87.646413,562,False,True,True,True,94.2,,2625 N ORCHARD St,Illinois,60614-1573,,0007
345,610561,Richard T Crane Medical Preparatory HS,41.876947,-87.683301,283,True,False,False,False,73.8,83.0,2245 W JACKSON Blvd,Illinois,60612,,0028
346,610601,SAFE Achieve Academy West HS,41.753115,-87.551804,32,True,False,False,False,,,230 N KOLMAR ,IL,60624-2120,,0043
347,610109,William Bishop Owen Scholastic Academy ES,41.74285,-87.705749,278,False,True,True,True,94.2,,8247 S CHRISTIANA Ave,Illinois,60652,,0070
348,400106,Noble - John and Eunice Johnson College Prep,41.778369,-87.635117,478,True,False,False,False,82.6,81.0,6350 S STEWART Ave,Illinois,60621,,0068
349,609938,Joseph E Gary Elementary School,41.837065,-87.718697,710,False,True,True,True,91.6,,3740 W 31ST St,Illinois,60623,,0030
350,609954,John Milton Gregory Elementary School,41.870742,-87.718666,302,False,True,True,True,92.5,,3715 W POLK St,Illinois,60624,,0027
351,609921,Telpochcalli Elementary School,41.847947,-87.696006,217,False,True,True,True,88.7,,2832 W 24TH Blvd,Illinois,60623,,0030
352,400084,Acero Charter Schools - Rufino Tamayo,41.79993,-87.693862,259,False,True,False,True,93.4,,5135 S CALIFORNIA Ave,Illinois,60632,,0063
353,609917,Fernwood Elementary School,41.711184,-87.640414,271,False,True,True,True,92.6,,10041 S UNION Ave,Illinois,60628,,0073
354,610158,Harriet E Sayre Elementary Language Academy,41.914151,-87.798721,385,False,True,True,True,89.6,,1850 N NEWLAND Ave,Illinois,60707,,0025
355,400136,YCCS-Olive Harvey Middle College HS,41.712922,-87.592333,107,True,False,False,False,67.8,,10001 S WOODLAWN Ave,Illinois,60628,,0050
356,609749,Northside College Preparatory High School,41.981315,-87.708708,1058,True,False,False,False,92.4,97.5,5501 N KEDZIE Ave,Illinois,60625,,0013
357,610300,Oliver S Westcott Elementary School,41.748868,-87.634751,408,False,True,True,True,89.2,,409 W 80TH St,Illinois,60620,,0044
358,610515,Disney II Magnet School,41.950461,-87.730678,420,False,False,True,True,93.3,,3815 N KEDVALE Ave,Illinois,60641,,0016
359,609884,William E Dever Elementary School,41.942552,-87.813132,748,False,True,True,True,91.4,,3436 N OSCEOLA Ave,Illinois,60634,,0017
360,400044,KIPP Ascend Charter School,41.85837,-87.721071,884,False,True,False,True,89.6,,1616 S AVERS Ave,Illinois,60623,,0029
361,610059,Oscar Mayer Magnet School,41.923204,-87.657287,711,False,True,True,True,94.0,,2250 N CLIFTON Ave,Illinois,60614,,0007
362,609751,Dr  Martin Luther King  Jr  College Prep HS,41.813675,-87.603874,784,True,False,False,False,90.9,91.4,4445 S DREXEL Blvd,Illinois,60653,,0039
363,610122,Helen Peirce International Studies ES,41.983456,-87.66585,1111,False,True,True,True,93.7,,1423 W BRYN MAWR Ave,Illinois,60660,,0077
364,610044,James Russell Lowell Elementary School,41.90652,-87.710217,316,False,True,True,True,89.3,,3320 W HIRSCH St,Illinois,60651,,0023
365,400048,L.E.A.R.N. - Excel Campus,41.874687,-87.686568,374,False,False,False,True,88.8,,3021 W CARROLL Ave,Illinois,60612,,0028
366,610541,Federico Garcia Lorca Elementary School,41.940026,-87.724783,635,False,True,True,True,91.6,,3231 N SPRINGFIELD Ave,Illinois,60618,,0021
367,610010,Friedrich L. Jahn Elementary of the Fine Arts,41.939247,-87.67581,369,False,True,True,True,90.5,,3149 N WOLCOTT Ave,Illinois,60657,,0005
368,400157,Noble - Baker College Prep,41.734622,-87.556201,263,True,False,False,False,83.1,87.2,2710 E 89TH St,Illinois,60617,,0046
369,610287,Ashburn Community Elementary School,41.742351,-87.70961,332,False,True,True,True,91.0,,8300 S ST LOUIS Ave,Illinois,60652,,0070
370,610298,Lenart Elementary Regional Gifted Center,41.747186,-87.62804,300,False,True,True,True,95.6,,8101 S LASALLE St,Illinois,60620,,0044
371,609974,Hawthorne Elementary Scholastic Academy,41.942275,-87.657709,639,False,True,False,True,94.9,,3319 N CLIFTON Ave,Illinois,60657,,0006
372,400046,L.E.A.R.N. - Romano Butler Campus,41.867273,-87.710679,458,False,True,False,True,93.9,,1132 S HOMAN Ave,Illinois,60624,,0029
373,610342,Albert R Sabin Elementary Magnet School,41.906816,-87.68305,345,False,True,True,True,87.5,,2216 W HIRSCH St,Illinois,60622,,0024
374,610004,Countee Cullen Elementary School,41.700335,-87.611244,171,False,True,False,True,93.0,,10650 S EBERHART Ave,Illinois,60628,,0049
375,609964,John H Hamline Elementary School,41.807242,-87.661175,588,False,True,True,True,86.2,,4747 S BISHOP St,Illinois,60609,,0061
376,610381,Bronzeville Scholastic Academy High School,41.805204,-87.625004,109,True,False,False,False,86.0,82.4,4934 S WABASH Ave,Illinois,60615,,0038
377,610391,Robert Lindblom Math & Science Academy HS,41.782041,-87.671662,1281,True,True,False,False,88.9,93.4,6130 S WOLCOTT Ave,Illinois,60636,,0067
378,610171,Arnold Mireles Elementary Academy,41.731717,-87.552788,564,False,True,True,True,89.7,,9000 S EXCHANGE Ave,Illinois,60617,,0046
379,610220,Thomas J Waters Elementary School,41.964165,-87.691433,696,False,True,True,True,93.2,,4540 N CAMPBELL Ave,Illinois,60625,,0004
380,610125,Irma C Ruiz Elementary School,41.848101,-87.680745,460,False,True,True,True,89.7,,2410 S LEAVITT St,Illinois,60608,,0031
381,610173,Jesse Sherwood Elementary School,41.7908,-87.632279,218,False,True,True,True,91.7,,245 W 57TH St,Illinois,60621,,0068
382,609811,Orville T Bright Elementary School,41.699726,-87.562084,243,False,True,True,True,85.7,,10740 S CALHOUN Ave,Illinois,60617,,0051
383,610194,Charles Sumner  Math & Science Community Acad ES,41.870828,-87.733524,199,False,True,True,True,93.6,,4320 W 5TH Ave,Illinois,60624,,0026
384,610352,Durkin Park Elementary School,41.738844,-87.729955,697,False,True,True,True,91.5,,8445 S KOLIN Ave,Illinois,60652,,0070
385,609956,Robert L Grimes Elementary School,41.775464,-87.758803,378,False,True,True,True,91.2,,5450 W 64TH Pl,Illinois,60638,,0064
386,610192,Harriet Beecher Stowe Elementary School,41.911938,-87.713318,566,False,True,True,True,90.8,,3444 W WABANSIA Ave,Illinois,60647,,0023
387,609745,Southside Occupational Academy High School,41.759852,-87.675947,371,True,False,False,False,83.5,,7342 S HOYNE Ave,Illinois,60636,,0067
388,609930,Frederick Funston Elementary School,41.917617,-87.716892,461,False,True,True,True,90.2,,2010 N CENTRAL PARK Ave,Illinois,60647,,0022
389,610000,Julia Ward Howe Elementary School of Excellence,41.893612,-87.759398,343,False,True,True,True,89.3,,720 N LOREL Ave,Illinois,60644,,0025
390,610543,Eric Solorio Academy High School,41.795201,-87.711059,1237,True,False,False,False,89.1,90.1,5400 S ST LOUIS Ave,Illinois,60632,,0063
391,609705,Christian Fenger Academy High School,41.689951,-87.637572,213,True,False,False,False,76.3,58.1,11220 S WALLACE St,Illinois,60628,,0049
392,609971,John Harvard Elementary School of Excellence,41.757341,-87.632737,328,False,True,True,True,89.9,,7525 S HARVARD ,Illinois,60620,,0069
393,400050,Namaste Charter School,41.8257,-87.667724,381,False,True,False,True,90.2,,3737 S PAULINA St,Illinois,60609,,0059
394,610596,The Virtual Academy Elementary School,41.8627144,-87.6601387,258,False,True,True,True,,,1326 W 14TH ,Illinois,60608-1410,,0028
395,400119,Legal Prep Charter Academy,41.881733,-87.733778,197,True,False,False,False,78.1,81.0,4319 W WASHINGTON Blvd,Illinois,60624-2232,,0026
396,609943,Jesse Owens Elementary Community Academy,41.670618,-87.622546,333,False,True,True,True,89.9,,12302 S STATE St,Illinois,60628,,0053
397,610183,Spencer Technology Academy,41.884876,-87.750445,435,False,True,True,True,85.6,,214 N LAVERGNE Ave,Illinois,60644,,0025
398,610046,Mary Lyon Elementary School,41.934192,-87.777174,1017,False,True,True,True,90.8,,2941 N MCVICKER Ave,Illinois,60634,,0019
399,400062,Perspectives - High School of Technology,41.745949,-87.650657,303,True,False,False,False,81.5,73.3,8522 S LAFAYETTE Ave,Illinois,60620-1308,,0071
400,610269,John T McCutcheon Elementary School,41.970949,-87.654758,345,False,True,True,True,90.3,,4865 N SHERIDAN Rd,Illinois,60640,,0003
401,400107,L.E.A.R.N. - South Chicago Campus,41.733333,-87.54558,372,False,True,False,True,89.7,,8914 S BUFFALO Ave,Illinois,60617,,0046
402,610226,Socorro Sandoval Elementary School,41.792346,-87.710987,741,False,False,True,True,91.2,,5534 S SAINT LOUIS Ave,Illinois,60629,,0063
403,400146,KIPP Academy Chicago Campus,41.891816,-87.746614,642,False,True,False,True,88.7,,4818 W OHIO St,Illinois,60644,,0025
404,610290,Benjamin E Mays Elementary Academy,41.772727,-87.637277,281,False,True,True,True,90.0,,6656 S NORMAL Blvd,Illinois,60621,,0068
405,609902,Ralph H Metcalfe Elementary Community Academy,41.669444,-87.634306,341,False,True,True,True,89.3,,12339 S NORMAL Ave,Illinois,60628,,0053
406,609692,Neal F Simeon Career Academy High School,41.745781,-87.63541,1004,True,False,False,False,82.5,86.8,8147 S VINCENNES Ave,Illinois,60620,,0044
407,609854,Frederic Chopin Elementary School,41.896713,-87.688937,324,False,True,True,True,86.0,,2450 W RICE St,Illinois,60622,,0024
408,610594,Pathways in Education - Humboldt Park,41.902841,-87.687946,152,True,False,False,False,76.7,,2421 W DIVISION ,IL,60622-2941,,0024
409,610213,James Wadsworth Elementary School,41.773478,-87.601018,496,False,True,True,True,88.3,,6650 S ELLIS Ave,Illinois,60637,,0042
410,610503,Frazier Prospective IB Magnet ES,41.86698,-87.727244,138,False,True,False,True,91.3,,4027 W GRENSHAW St,Illinois,60624,,0029
411,609818,Luther Burbank Elementary School,41.917598,-87.7827,701,False,True,True,True,90.4,,2035 N MOBILE Ave,Illinois,60639,,0019
412,610548,STEM Magnet Academy,41.868576,-87.664969,398,False,True,False,True,95.1,,1522 W FILLMORE St,Illinois,60607,,0028
413,610380,Daniel Hale Williams Prep School of Medicine,41.806118,-87.62503,68,True,False,False,False,86.2,78.6,4934 S WABASH Ave,Illinois,60615,,0038
414,609873,Crown Community Academy of Fine Arts Center ES,41.852663,-87.71247,101,False,True,False,True,92.5,,2128 S SAINT LOUIS Ave,Illinois,60623,,0029
415,609899,Christian Ebinger Elementary School,42.004408,-87.81117,693,False,True,False,True,93.5,,7350 W PRATT Ave,Illinois,60631,,0009
416,400033,CICS - Longwood,41.721221,-87.655768,1114,True,True,False,True,88.2,76.0,1309 W 95TH St,Illinois,60643,,0073
417,400172,ASPIRA Business and Finance,41.935726,-87.718204,395,True,False,False,False,83.1,80.8,2989 N MILWAUKEE Ave,Illinois,60618-7347,,0021
418,400143,YCCS-West Town Acad Alternative HS,41.890803,-87.702053,116,True,False,False,False,55.0,,500 N SACRAMENTO Blvd,Illinois,60612,,0023
419,609720,Albert G Lane Technical High School,41.946645,-87.691013,4561,True,True,False,False,90.8,97.4,2501 W ADDISON St,Illinois,60618,,0005
420,610242,Joseph Brennemann Elementary School,41.959984,-87.649749,496,False,True,True,True,89.3,,4251 N CLARENDON Ave,Illinois,60613,,0003
421,400068,Plato Learning Academy,41.87276,-87.763337,153,False,True,False,True,91.4,,5545 W HARRISON St,Illinois,60644,,0025
422,609834,Little Village Elementary School,41.843698,-87.717319,583,False,True,True,True,89.9,,2620 S LAWNDALE Ave,Illinois,60623,,0030
423,609950,Josefa Ortiz De Dominguez Elementary School,41.838791,-87.71719,414,False,False,True,True,90.4,,3000 S LAWNDALE Ave,Illinois,60623,,0030
424,400009,Academy for Global Citizenship Charter School,41.807579,-87.740097,487,False,True,False,True,92.3,,4942 W 44TH St,Illinois,60638-1959,,0056
425,610062,Minnie Mi√±oso Academy,41.829993,-87.641103,306,False,True,True,True,89.1,,3527 S WALLACE St,Illinois,60609,,0060
426,609941,Asa Philip Randolph Elementary School,41.760614,-87.675966,374,False,True,True,True,91.6,,7316 S HOYNE Ave,Illinois,60636,,0067
427,610009,Galileo Math & Science Scholastic Academy ES,41.871255,-87.653366,534,False,True,False,True,93.6,,820 S CARPENTER St,Illinois,60607,,0028
428,610177,Mark Skinner Elementary School,41.879103,-87.659419,1122,False,True,True,True,94.4,,1260 W ADAMS St,Illinois,60607,,0028
429,610005,Charles Evans Hughes Elementary School,41.860518,-87.731777,182,False,True,True,True,88.8,,4247 W 15TH St,Illinois,60623,,0029
430,609924,Fort Dearborn Elementary School,41.729673,-87.655481,310,False,True,True,True,89.2,,9025 S THROOP St,Illinois,60620,,0073
431,610559,James Shields Middle School,41.806491,-87.68978,331,False,True,False,True,89.4,,2611 W 48TH St,Illinois,60632,,0058
432,610139,George M Pullman Elementary School,41.688819,-87.609431,311,False,True,True,True,89.6,,11311 S FORRESTVILLE Ave,Illinois,60628,,0050
433,609728,Theodore Roosevelt High School,41.964828,-87.714819,1046,True,False,False,False,78.6,76.6,3436 W WILSON Ave,Illinois,60625,,0014
434,400097,Noble - Chicago Bulls College Prep,41.878809,-87.678195,1005,True,False,False,False,85.5,92.1,2040 W ADAMS St,Illinois,60612,,0028
435,610305,George Leland Elementary School,41.873587,-87.749276,385,False,True,True,True,83.0,,512 S LAVERGNE Ave,Illinois,60644,,0025
436,400056,Noble - Rowe-Clark Math and Science Academy,41.895362,-87.718047,307,True,False,False,False,81.4,85.0,3645 W CHICAGO Ave,Illinois,60651,,0023
437,609947,Alexander Graham Elementary School,41.813304,-87.643344,341,False,True,True,True,87.3,,4436 S UNION Ave,Illinois,60609,,0061
438,610345,Carter G Woodson South Elementary School,41.814499,-87.608419,308,False,True,True,True,84.4,,4414 S EVANS Ave,Illinois,60653,,0038
439,610100,West Park Elementary Academy,41.906907,-87.732443,443,False,True,True,True,90.7,,1425 N TRIPP Ave,Illinois,60651,,0023
440,610065,Emmett Louis Till Math and Science Academy,41.775424,-87.609357,369,False,True,True,True,84.1,,6543 S CHAMPLAIN Ave,Illinois,60637,,0042
441,610066,James E McDade Elementary Classical School,41.73455,-87.619214,207,False,True,False,True,95.6,,8801 S INDIANA Ave,Illinois,60619,,0044
442,609850,Horace Greeley Elementary School,41.95281,-87.65098,344,False,True,True,True,91.0,,832 W SHERIDAN Rd,Illinois,60613,,0006
443,609863,Ruth Bader Ginsburg Elementary School,41.899566,-87.681938,263,False,True,True,True,93.0,,1003 N LEAVITT St,Illinois,60622,,0024
444,610179,Washington D Smyser Elementary School,41.958868,-87.781975,767,False,True,True,True,90.5,,4310 N MELVINA Ave,Illinois,60634,,0015
445,610589,Sor Juana Ines de la Cruz ES,41.789597,-87.72638,544,False,True,True,True,94.0,,4034 W 56TH ,Illinois,60629-4442,,0062
446,609713,Hyde Park Academy High School,41.782257,-87.586615,739,True,False,False,False,77.4,84.9,6220 S STONY ISLAND Ave,Illinois,60637,,0042
447,400168,Great Lakes Academy Charter School,41.742671,-87.559907,543,False,True,False,True,92.9,,8401 S SAGINAW Ave,Illinois,60617,,0046
448,400029,CICS - Washington Park,41.783617,-87.622068,476,False,True,False,True,88.8,,110 E 61ST St,Illinois,60637,,0040
449,609865,Jordan Elementary Community School,42.017088,-87.677763,521,False,True,True,True,90.2,,7414 N WOLCOTT Ave,Illinois,60626,,0001
450,610520,LaSalle II Magnet Elementary School,41.902914,-87.673696,598,False,True,True,True,93.6,,1148 N HONORE St,Illinois,60622,,0024
451,610268,Arthur R Ashe Elementary School,41.740184,-87.601174,381,False,True,True,True,86.0,,8505 S INGLESIDE Ave,Illinois,60619,,0044
452,610152,Martha Ruggles Elementary School,41.751946,-87.618066,310,False,True,True,True,88.1,,7831 S PRAIRIE Ave,Illinois,60619,,0069
453,400024,CICS - Basil,41.794043,-87.670243,510,False,True,False,True,89.3,,1816 W GARFIELD Blvd,Illinois,60609,,0061
454,610033,LaSalle Elementary Language Academy,41.9139,-87.637565,450,False,True,False,True,92.9,,1734 N ORLEANS St,Illinois,60614,,0007
455,609842,Rachel Carson Elementary School,41.793272,-87.6878,725,False,True,True,True,93.2,,5516 S MAPLEWOOD Ave,Illinois,60629,,0063
456,609912,James B Farnsworth Elementary School,41.97979,-87.766072,501,False,True,True,True,90.7,,5414 N LINDER Ave,Illinois,60630,,0011
457,400153,Acero Charter Schools - Brighton Park,41.813109,-87.693238,481,False,True,False,True,91.0,,4420 S FAIRFIELD Ave,Illinois,60632-1937,,0058
458,400128,YCCS-CCA Academy HS,41.864943,-87.723662,129,True,False,False,False,53.0,,1231 S PULASKI Rd,Illinois,60623,,0029
459,610325,Avondale-Logandale Elementary School,41.93397,-87.708041,461,False,True,True,True,90.7,,3212 W GEORGE St,Illinois,60618,,0021
460,610209,Alessandro Volta Elementary School,41.971634,-87.724605,751,False,True,True,True,91.6,,4950 N AVERS Ave,Illinois,60625,,0014
461,400105,Urban Prep Academy for Young Men - Bronzeville,41.831118,-87.613629,145,True,False,False,False,90.2,92.1,521 E 35TH St,Illinois,60616,,0035
462,610137,Ernst Prussing Elementary School,41.965619,-87.772414,646,False,True,False,True,90.6,,4650 N MENARD Ave,Illinois,60630,,0015
463,610099,Norwood Park Elementary School,41.988153,-87.802979,311,False,True,True,True,93.3,,5900 N NINA Ave,Illinois,60631,,0010
464,610339,Amos Alonzo Stagg Elementary School,41.758925,-87.649217,400,False,True,True,True,91.1,,7424 S MORGAN St,Illinois,60621,,0068
465,400117,Noble - Hansberry College Prep,41.734442,-87.650987,498,True,False,False,False,86.5,87.3,8748 S ABERDEEN St,Illinois,60620,,0071
466,610394,Uplift Community High School,41.965547,-87.652473,212,True,False,False,False,78.9,70.0,900 W WILSON Ave,Illinois,60640,,0003
467,610402,DeVry University Advantage Academy HS,41.941388,-87.690761,150,True,False,False,False,88.6,,1900 W LAWRENCE Ave,Illinois,60640-4003,,0005
468,609894,John B Drake Elementary School,41.844043,-87.628553,310,False,True,True,True,88.3,,2710 S DEARBORN St,Illinois,60616,,0035
469,609939,Frank L Gillespie Elementary School,41.725332,-87.623719,289,False,True,True,True,88.6,,9301 S STATE St,Illinois,60619,,0049
470,400170,Noble - The Noble Academy,41.906879,-87.645577,405,True,False,False,False,86.7,94.7,1443 N OGDEN Ave,Illinois,60610-1007,,0008
471,610022,Joyce Kilmer Elementary School,42.00364,-87.668222,806,False,True,True,True,91.8,,6700 N GREENVIEW Ave,Illinois,60626,,0001
472,609827,Burnside Elementary Scholastic Academy,41.728481,-87.607435,265,False,True,True,True,92.8,,650 E 91ST Pl,Illinois,60619,,0044
473,610037,Arthur A Libby Elementary School,41.797685,-87.659933,300,False,True,True,True,88.2,,5300 S LOOMIS Blvd,Illinois,60609,,0061
474,400115,Catalyst - Maria Charter School,41.770992,-87.693075,527,True,True,False,True,91.3,87.1,6727 S CALIFORNIA Ave,Illinois,60629,,0066
475,609759,Roberto Clemente Community Academy High School,41.902626,-87.686906,618,True,False,False,False,74.5,83.1,1147 N WESTERN Ave,Illinois,60622,,0024
476,610234,Richard Yates Elementary School,41.915039,-87.70028,270,False,True,True,True,90.2,,1839 N RICHMOND St,Illinois,60647,,0022
477,400175,Excel Academy of South Shore,41.759749,-87.556487,223,True,False,False,False,70.7,20.0,7530 S SOUTH SHORE Dr,Illinois,60649,,0043
478,609844,William W Carter Elementary School,41.789828,-87.622453,303,False,True,True,True,91.6,,5740 S MICHIGAN Ave,Illinois,60637,,0040
479,610133,Laura S Ward Elementary School,41.893236,-87.718797,305,False,True,True,True,86.2,,646 N LAWNDALE Ave,Illinois,60624,,0023
480,610291,Richard Henry Lee Elementary School,41.775305,-87.728884,586,False,True,False,True,91.7,,6448 S TRIPP Ave,Illinois,60629,,0065
481,610353,Calmeca Academy of Fine Arts and Dual Language,41.824377,-87.711654,611,False,True,True,True,91.2,,3456 W 38TH St,Illinois,60632,,0058
482,610271,Jensen Elementary Scholastic Academy,41.873815,-87.702241,262,False,True,True,True,92.7,,3030 W HARRISON St,Illinois,60612,,0027
483,609937,John W Garvy Elementary School,41.976352,-87.796235,732,False,True,False,True,92.2,,5225 N OAK PARK Ave,Illinois,60656,,0010
484,609795,George Rogers Clark Elementary School,41.867813,-87.770418,130,False,True,True,True,92.7,,1045 S MONITOR Ave,Illinois,60644,,0025
485,609833,Daisy Bates Academy of Social Justice,41.739226,-87.580729,242,False,True,True,True,89.0,,8546 S CREGIER Ave,Illinois,60617,,0045
486,610284,New Field Elementary School,42.007703,-87.673168,546,False,False,True,True,91.2,,1707 W MORSE Ave,Illinois,60626,,0001
487,609951,Ariel Elementary Community Academy,41.811173,-87.597503,361,False,True,True,True,88.4,,1119 E 46TH St,Illinois,60653,,0039
488,400023,CICS - Avalon/South Shore,41.743179,-87.587928,472,False,True,False,True,91.1,,1501 E 83RD Pl,Illinois,60619,,0045
489,400176,Excel Academy Southwest,41.765929,-87.69073,180,True,True,False,False,73.8,46.7,7050 S WASHTENAW Ave,Illinois,60629-1924,,0066
490,400161,Chicago Collegiate Charter School,41.679318,-87.617968,233,True,True,False,True,83.3,75.0,11816 S INDIANA ,Illinois,60628-6227,,0053
491,610178,Theophilus Schmid Elementary School,41.716989,-87.596932,197,False,True,True,True,88.8,,9755 S GREENWOOD Ave,Illinois,60628,,0050
492,400053,Noble - Golder College Prep,41.895282,-87.664483,622,True,False,False,False,87.0,88.7,1454 W SUPERIOR St,Illinois,60642,,0024
493,610231,National Teachers Elementary Academy,41.8528,-87.629308,794,False,True,True,True,92.2,,55 W CERMAK Rd,Illinois,60616,,0033
494,610087,Blair Early Childhood Center,41.776556,-87.790604,275,False,False,True,False,83.2,,6751 W 63RD Pl,Illinois,60638,,0064
495,609678,William Jones College Preparatory High School,41.873066,-87.627675,1921,True,False,False,False,89.2,96.8,700 S STATE St,Illinois,60605,,0032
496,609869,Anna R. Langford Community Academy,41.784681,-87.657169,193,False,True,True,True,92.4,,6010 S THROOP St,Illinois,60636,,0067
497,609845,George Washington Carver Primary School,41.653702,-87.599516,478,False,True,True,True,88.2,,901 E 133RD Pl,Illinois,60827-1427,,0054
498,609744,Northside Learning Center High School,41.982973,-87.722386,265,True,False,False,False,86.9,3.4,3730 W BRYN MAWR Ave,Illinois,60659,,0013
499,610184,John Spry Elementary Community School,41.847747,-87.700184,327,False,True,True,True,90.1,,2400 S MARSHALL Blvd,Illinois,60623,,0030
500,609907,Leif Ericson Elementary Scholastic Academy,41.875744,-87.715804,310,False,True,True,True,90.9,,3600 W 5TH Ave,Illinois,60624,,0027
501,609898,John F Eberhart Elementary School,41.77442,-87.707953,1020,False,True,True,True,89.2,,3400 W 65TH Pl,Illinois,60629,,0066
502,610385,Multicultural Arts High School,41.835282,-87.735283,272,True,False,False,False,72.8,63.5,3120 S KOSTNER Ave,Illinois,60623,,0030
503,400159,Christopher House Charter School,41.922181,-87.757522,463,False,True,True,True,92.4,,5235 W BELDEN Ave,Illinois,60639,,0019
504,400133,YCCS- Innovations HS of Arts Integration,41.883047,-87.627734,353,True,False,False,False,62.2,,17 N STATE St,Illinois,60602,,0032
505,609756,Marie Sklodowska Curie Metropolitan High School,41.80306,-87.722042,2815,True,False,False,False,77.6,77.4,4959 S ARCHER Ave,Illinois,60632,,0057
506,609709,Gage Park High School,41.791013,-87.688954,331,True,False,False,False,83.0,75.0,5630 S ROCKWELL St,Illinois,60629,,0063
507,610396,Tarkington School of Excellence ES,41.764407,-87.706445,785,False,True,True,True,91.3,,3330 W 71ST St,Illinois,60629,,0066
508,609944,Virgil Grissom Elementary School,41.662481,-87.553307,285,False,True,True,True,90.9,,12810 S ESCANABA Ave,Illinois,60633,,0055
509,609880,Stephen Decatur Classical Elementary School,42.009289,-87.704619,340,False,True,False,True,94.6,,7030 N SACRAMENTO Ave,Illinois,60645,,0002
510,610588,Robert J. Richardson Middle School,41.783826,-87.725422,836,False,True,False,True,90.5,,6018 S KARLOV ,Illinois,60629-4929,,0065
511,609780,Marine Leadership Academy at Ames,41.916045,-87.721742,524,True,True,False,False,84.4,93.8,1920 N HAMLIN Ave,Illinois,60647,,0022
512,610185,Adlai E Stevenson Elementary School,41.747107,-87.731666,1224,False,True,True,True,91.2,,8010 S KOSTNER Ave,Illinois,60652,,0070
513,609694,John Hancock College Preparatory High School,41.791464,-87.72447,1037,True,False,False,False,92.1,97.0,5437 W 64TH Pl,Illinois,60638-5681,,0062
514,610340,Chicago Academy High School,41.943054,-87.776847,563,True,False,False,False,90.4,96.2,3400 N AUSTIN Ave,Illinois,60634,,0017
515,609766,Jacqueline B Vaughn Occupational High School,41.960364,-87.764663,224,True,False,False,False,81.9,,4355 N LINDER Ave,Illinois,60641,,0015
516,610386,Peace & Education Coalition HS,41.803515,-87.667378,177,True,False,False,False,71.0,,4946 S PAULINA St,Illinois,60609,,0061
517,610144,Frank W Reilly Elementary School,41.941094,-87.719541,543,False,True,True,True,92.4,,3650 W SCHOOL St,Illinois,60618,,0021
518,610212,Albany Park Multicultural Academy,41.971504,-87.710609,249,False,True,False,False,92.5,,4929 N SAWYER Ave,Illinois,60625,,0014
519,609790,Clara Barton Elementary School,41.754194,-87.670927,427,False,True,True,True,88.9,,7650 S WOLCOTT Ave,Illinois,60620,,0071
520,610252,Robert Nathaniel Dett Elementary School,41.87987,-87.680315,351,False,True,True,True,84.5,,2131 W MONROE St,Illinois,60612,,0028
521,400051,Noble - Noble College Prep,41.900191,-87.662628,667,True,False,False,False,89.6,98.8,1010 N NOBLE St,Illinois,60642-4011,,0024
522,609730,Nicholas Senn High School,41.989029,-87.667136,1487,True,False,False,False,78.1,88.8,5900 N GLENWOOD Ave,Illinois,60660,,0077
523,609855,Walter S Christopher Elementary School,41.801659,-87.685607,317,False,True,False,True,84.1,,5042 S ARTESIAN Ave,Illinois,60632,,0063
524,610229,A.N. Pritzker School,41.907053,-87.677761,683,False,True,True,True,93.8,,2009 W SCHILLER St,Illinois,60622,,0024
525,400150,YCCS-Chatham AcademyHS,41.730131,-87.60698,113,True,False,False,False,55.4,,9035 S LANGLEY Ave,Illinois,60619,,0044
526,610148,Cesar E Chavez Multicultural Academic Center ES,41.807143,-87.666037,798,False,True,True,True,93.2,,4747 S MARSHFIELD Ave,Illinois,60609,,0061
527,609783,Nancy B Jefferson Alternative High School,41.867832,-87.680418,170,True,True,False,True,90.1,10.4,1100 S HAMILTON Ave,Illinois,60612,,0028
528,400069,Polaris Charter Academy,41.89255,-87.707796,338,False,True,False,True,97.0,,620 N SAWYER Ave,Illinois,60624,,0023
529,609910,Laughlin Falconer Elementary School,41.935785,-87.749331,858,False,False,True,True,90.2,,3020 N LAMON Ave,Illinois,60641,,0019
530,609734,William Howard Taft High School,41.982961,-87.791547,4210,True,True,False,False,80.6,92.7,6530 W BRYN MAWR Ave,Illinois,60631,,0010
531,610188,Dunne Technology Academy,41.696496,-87.639974,211,False,True,True,True,93.3,,10845 S UNION Ave,Illinois,60628,,0049
532,400058,North Lawndale College Prep - Christiana,41.858564,-87.708987,228,True,False,False,False,79.6,84.1,1615 S CHRISTIANA Ave,Illinois,60623,,0029
533,610117,Louis Pasteur Elementary School,41.786895,-87.732666,631,False,False,True,True,89.6,,5825 S KOSTNER Ave,Illinois,60629,,0062
534,609908,Esmond Elementary School,41.68942,-87.669159,226,False,True,True,True,89.2,,1865 W MONTVALE Ave,Illinois,60643,,0075
535,610504,Velma F Thomas Early Childhood Center,41.827775,-87.677542,145,False,False,True,False,,,3625 S HOYNE Ave,Illinois,60609,,0059
536,609789,John Barry Elementary School,41.932511,-87.739388,473,False,False,True,True,90.0,,2828 N KILBOURN Ave,Illinois,60641,,0020
537,609968,Sharon Christa McAuliffe Elementary School,41.914816,-87.723931,531,False,True,True,True,89.1,,1841 N SPRINGFIELD Ave,Illinois,60647,,0020
538,609837,Andrew Carnegie Elementary School,41.783368,-87.590795,393,False,True,False,True,90.4,,1414 E 61ST Pl,Illinois,60637,,0042
539,610076,Bernhard Moos Elementary School,41.912505,-87.696941,431,False,True,True,True,90.6,,1711 N CALIFORNIA Ave,Illinois,60647,,0024
540,610081,Mark Sheridan Math & Science Academy,41.8444,-87.64134,520,False,True,False,True,95.2,,533 W 27TH St,Illinois,60616,,0060
541,610038,Abraham Lincoln Elementary School,41.924525,-87.644497,877,False,True,False,True,94.0,,615 W KEMPER Pl,Illinois,60614,,0007
542,400032,CICS - Ralph Ellison,41.748382,-87.66898,210,True,False,False,False,76.5,81.8,1817 W 80TH St,Illinois,60620,,0071
543,609769,Ray Graham Training Center High School,41.849675,-87.625315,252,True,False,False,False,78.6,,2347 S WABASH Ave,Illinois,60616,,0033
544,609918,Eugene Field Elementary School,42.009664,-87.669985,150,False,True,False,True,91.5,,7019 N ASHLAND Ave,Illinois,60626,,0001
545,400096,Rowe Elementary Charter School,41.907797,-87.664072,593,False,True,False,True,90.6,,1424 N CLEAVER St,Illinois,60642,,0024
546,610256,Jackie Robinson Elementary School,41.817349,-87.599067,122,False,False,True,True,88.9,,4225 S LAKE PARK Ave,Illinois,60653,,0036
547,610570,Ombudsman Chicago - South,41.783027,-87.683635,358,True,False,False,False,44.3,19.1,6057 S WESTERN Ave,Illinois,60636,,0066
548,609979,Robert Healy Elementary School,41.839595,-87.640341,1208,False,True,False,True,95.9,,3010 S PARNELL Ave,Illinois,60616,,0060
549,609867,Peter Cooper Elementary Dual Language Academy,41.856031,-87.667227,423,False,True,True,True,92.6,,1624 W 19TH St,Illinois,60608,,0031
550,609813,Charles S Brownell Elementary School,41.77162,-87.621746,163,False,False,True,True,90.3,,6741 S MICHIGAN Ave,Illinois,60637,,0069
551,609839,Carroll-Rosenwald Specialty Elementary School,41.742517,-87.696012,433,False,True,True,True,91.4,,2929 W 83RD St,Illinois,60652,,0070
552,400049,Legacy Charter School,41.856859,-87.730348,453,False,True,False,True,91.7,,3318 W OGDEN Ave,Illinois,60623-2649,,0029
553,610251,Willa Cather Elementary School,41.88295,-87.699187,320,False,True,True,True,88.8,,2908 W WASHINGTON Blvd,Illinois,60612,,0027
554,609963,Alexander Hamilton Elementary School,41.94522,-87.670865,500,False,True,True,True,94.4,,1650 W CORNELIA Ave,Illinois,60657,,0006
555,610136,William H Prescott Elementary School,41.928841,-87.669528,464,False,True,False,True,94.0,,1632 W WRIGHTWOOD Ave,Illinois,60614,,0007
556,609832,Michael M Byrne Elementary School,41.795031,-87.791544,604,False,True,False,True,90.9,,5329 S OAK PARK Ave,Illinois,60638,,0056
557,610115,Park Manor Elementary School,41.766477,-87.611546,331,False,True,True,True,93.1,,7037 S RHODES Ave,Illinois,60637,,0069
558,610523,Edison Park Elementary School,41.994238,-87.813771,408,False,True,False,True,93.0,,6220 N OLCOTT Ave,Illinois,60631,,0010
559,609777,Phillip D Armour Elementary School,41.833854,-87.650653,258,False,True,True,True,92.3,,950 W 33RD Pl,Illinois,60608,,0060
560,610120,Ferdinand Peck Elementary School,41.787899,-87.719216,782,False,False,True,True,91.6,,3826 W 58TH St,Illinois,60629,,0062
561,400035,Chicago Math and Science Academy Charter School,42.013031,-87.674818,618,True,True,False,True,94.0,84.0,7212 N CLARK St,Illinois,60626,,0001
562,609750,Simpson Academy HS for Young Women,41.864365,-87.668722,37,True,True,False,True,55.4,,1321 S PAULINA St,Illinois,60608,,0028
563,610319,Evergreen Academy Middle School,41.829356,-87.667817,188,False,True,False,True,92.4,,3537 S PAULINA St,Illinois,60609,,0059
564,400055,Noble - Rauner College Prep,41.892425,-87.660859,547,True,False,False,False,86.9,87.8,1337 W OHIO St,Illinois,60642,,0024
565,610074,Logan Square Elementary School,41.929989,-87.719224,639,False,True,True,True,90.1,,3651 W SCHUBERT Ave,Illinois,60647,,0022
566,610363,Walt Disney Magnet Elementary School,41.956816,-87.646083,1371,False,True,True,True,92.8,,4140 N MARINE Dr,Illinois,60613,,0003
567,609994,William G Hibbard Elementary School,41.970335,-87.710362,939,False,False,True,True,93.5,,3244 W AINSLIE St,Illinois,60625,,0014
568,609716,Kelvyn Park High School,41.927918,-87.735999,547,True,True,False,False,74.3,65.5,4343 W WRIGHTWOOD Ave,Illinois,60639,,0020
569,609719,Lake View High School,41.954764,-87.668953,1330,True,False,False,False,79.0,83.0,4015 N ASHLAND Ave,Illinois,60613,,0006
570,609945,William C. Goudy Technology Academy,41.975817,-87.657912,487,False,True,True,True,92.5,,5120 N WINTHROP Ave,Illinois,60640,,0003
571,610051,Northwest Middle School,41.920555,-87.757854,527,False,True,False,True,88.6,,5252 W PALMER St,Illinois,60639,,0019
572,400145,YCCS-Youth Connection Leadership Acad HS,41.832072,-87.626781,116,True,False,False,False,78.3,,5101 S KEELER Ave,Illinois,60632-4205,,0035
573,610128,Marcus Moziah Garvey Elementary School,41.706603,-87.647577,258,False,True,True,True,90.8,,10309 S MORGAN St,Illinois,60643,,0073
574,610121,Washington Irving Elementary School,41.871595,-87.683616,303,False,True,True,True,86.4,,749 S OAKLEY Blvd,Illinois,60612,,0028
575,609977,Woodlawn Community Elementary School,41.773366,-87.594392,171,False,False,True,True,90.6,,6657 S KIMBARK Ave,Illinois,60637,,0042
576,610227,Eli Whitney Elementary School,41.84008,-87.725546,544,False,True,True,True,90.7,,2815 S KOMENSKY Ave,Illinois,60623,,0030
577,400164,Instituto - Justice and Leadership,41.845957,-87.685903,131,True,False,False,False,43.1,,2570 S BLUE ISLAND Ave,Illinois,60608-4817,,0031
578,610129,Josiah Pickard Elementary School,41.8529,-87.683291,304,False,True,True,True,94.0,,2301 W 21ST Pl,Illinois,60608,,0031
579,610130,John T Pirie Fine Arts & Academic Center ES,41.74034,-87.607891,214,False,False,True,True,88.7,,650 E 85TH St,Illinois,60619,,0044
580,610013,Pilsen Elementary Community Academy,41.858849,-87.662209,220,False,True,True,True,93.0,,1420 W 17TH St,Illinois,60608,,0031
581,400123,YCCS- Academy of Scholastic Achievement HS,41.880447,-87.742539,127,True,False,False,False,61.6,,4651 W MADISON St,Illinois,60644,,0025
582,609729,Carl Schurz High School,41.946365,-87.735612,1122,True,False,False,False,76.7,82.4,3601 N MILWAUKEE Ave,Illinois,60641,,0016
583,610228,John Greenleaf Whittier Elementary School,41.850481,-87.673392,203,False,True,True,True,89.7,,1900 W 23RD St,Illinois,60608,,0031
584,609942,Johann W von Goethe Elementary School,41.922831,-87.6929,723,False,True,True,True,91.5,,2236 N ROCKWELL St,Illinois,60647,,0022
585,610217,James Ward Elementary School,41.84398,-87.635356,507,False,True,True,True,96.2,,2701 S SHIELDS Ave,Illinois,60616,,0034
586,609859,DeWitt Clinton Elementary School,41.992541,-87.69836,1086,False,True,True,True,90.7,,6110 N FAIRFIELD Ave,Illinois,60659,,0002
587,609718,John F Kennedy High School,41.789961,-87.78084,1509,True,False,False,False,79.9,81.5,6325 W 56TH St,Illinois,60638,,0056
588,400064,Perspectives - Rodney D. Joslin,41.855999,-87.628531,309,True,True,False,True,89.6,91.0,1930 S ARCHER Ave,Illinois,60616,,0033
589,609722,Manley Career Academy High School,41.870939,-87.699896,145,True,False,False,False,68.9,57.1,2935 W POLK St,Illinois,60612,,0027
590,610357,Spry Community Links High School,41.847762,-87.698946,78,True,False,False,False,63.8,70.6,2400 S MARSHALL Blvd,Illinois,60623,,0030
591,610082,Mount Greenwood Elementary School,41.695734,-87.70581,1176,False,True,True,True,94.4,,10841 S HOMAN Ave,Illinois,60655,,0074
592,610568,Pathways in Education- Avondale,41.939433,-87.705206,289,True,False,False,False,85.2,,3100 W BELMONT Ave,Illinois,60618-5706,,0021
593,610221,Daniel Webster Elementary School,41.869916,-87.727524,186,False,True,True,True,91.3,,4055 W ARTHINGTON St,Illinois,60624,,0026
594,610102,Richard J Oglesby Elementary School,41.75467,-87.645469,281,False,True,True,True,88.9,,7646 S GREEN St,Illinois,60620,,0071
595,609808,Alex Haley Elementary Academy,41.68666,-87.633632,465,False,True,True,True,91.0,,11411 S EGGLESTON Ave,Illinois,60628,,0049
596,610039,Carl von Linne Elementary School,41.940009,-87.702635,677,False,True,True,True,93.2,,3221 N SACRAMENTO Ave,Illinois,60618,,0021
597,610196,George B Swift Elementary Specialty School,41.989139,-87.658296,524,False,True,True,True,91.1,,5900 N WINTHROP Ave,Illinois,60660,,0077
598,400147,Chicago Excel Academy HS,41.691953,-87.654248,267,True,False,False,False,72.1,24.1,1257 W 111TH St,Illinois,60643,,0075
599,610571,Ombudsman Chicago- West,41.874673,-87.687842,218,True,False,False,False,46.6,10.5,2401 W CONGRESS Pkwy,Illinois,60612-3534,,0028
600,609861,Henry R Clissold Elementary School,41.693026,-87.680897,515,False,True,True,True,91.6,,2350 W 110TH Pl,Illinois,60643,,0075
601,610544,Mariano Azuela Elementary School,41.771079,-87.73992,706,False,True,False,True,90.1,,4707 W MARQUETTE Rd,Illinois,60629,,0065
602,610145,Peter A Reinberg Elementary School,41.943019,-87.768983,791,False,True,True,True,91.2,,3425 N MAJOR Ave,Illinois,60634,,0015
603,610587,Walter Henri Dyett High School for the Arts,41.801204,-87.612239,510,True,False,False,False,79.5,87.4,555 E 51ST ,Illinois,60615-2452,,0040
604,400173,Pathways in Education- Brighton Park,41.808226,-87.702645,366,True,False,False,False,81.9,14.3,3124 W 47TH St,Illinois,60632,,0058
605,610073,Ellen Mitchell Elementary School,41.892082,-87.683185,437,False,True,True,True,93.7,,2233 W OHIO St,Illinois,60612,,0024
606,609738,Lincoln Park High School,41.918268,-87.646009,2165,True,False,False,False,84.6,84.8,2001 N ORCHARD St,Illinois,60614,,0007
607,609933,Stephen F Gale Elementary Community Academy,42.021091,-87.671939,340,False,True,True,True,84.4,,1631 W JONQUIL Ter,Illinois,60626,,0001
608,610389,Orr Academy High School,41.894449,-87.726166,323,True,False,False,False,66.6,66.7,730 N PULASKI Rd,Illinois,60624,,0023
609,400111,L.E.A.R.N. - Hunter Perkins Campus,41.743122,-87.665721,466,False,True,False,True,88.4,,1700 W 83RD St,Illinois,60620,,0071
610,609926,Franklin Elementary Fine Arts Center,41.9066,-87.635513,344,False,True,False,True,94.0,,225 W EVERGREEN Ave,Illinois,60610,,0008
611,610532,Irene C. Hernandez Middle School for the Advancement of Science,41.793479,-87.71137,718,False,True,False,True,91.7,,3510 W 55TH St,Illinois,60632,,0063
612,609820,Augustus H Burley Elementary School,41.937937,-87.669853,490,False,True,False,True,94.8,,1630 W BARRY Ave,Illinois,60657,,0006
613,610027,Rudyard Kipling Elementary School,41.723627,-87.639521,231,False,True,True,True,92.0,,9351 S LOWE Ave,Illinois,60620,,0073
614,610124,Harold Washington Elementary School,41.728534,-87.596257,272,False,True,True,True,91.6,,9130 S UNIVERSITY Ave,Illinois,60619,,0047
615,610263,John Foster Dulles Elementary School,41.7799,-87.617214,670,False,True,True,True,92.9,,6311 S CALUMET Ave,Illinois,60637,,0069
616,609715,Thomas Kelly College Preparatory,41.818729,-87.694639,1596,True,False,False,False,78.6,77.1,4136 S CALIFORNIA Ave,Illinois,60632,,0058
617,610011,Minnie Mars Jamieson Elementary School,41.984641,-87.700529,851,False,True,True,True,93.2,,5650 N MOZART St,Illinois,60659,,0002
618,400066,Perspectives - Math and Science Academy,41.827784,-87.624788,380,True,True,False,True,81.1,76.7,3663 S WABASH Ave,Illinois,60653,,0035
619,609812,William H Brown STEM Magnet Elementary School,41.882997,-87.670682,231,False,True,True,True,91.8,,54 N HERMITAGE Ave,Illinois,60612,,0028
620,400031,CICS - Wrightwood,41.745365,-87.692614,611,False,True,False,True,91.3,,8130 S CALIFORNIA Ave,Illinois,60652,,0070
621,609901,Edgebrook Elementary School,41.999437,-87.76184,562,False,True,True,True,94.2,,6525 N HIAWATHA Ave,Illinois,60646,,0012
622,400017,ASPIRA Charter School - Haugan Middle School,41.966406,-87.721825,88,False,True,False,True,91.8,,3729 W LELAND Ave,Illinois,60625,,0014
623,610521,Sir Miles Davis Magnet Elementary Academy,41.771221,-87.66653,123,False,True,True,True,93.3,,6740 S PAULINA St,Illinois,60636-3307,,0067
624,610175,Beulah Shoesmith Elementary School,41.804294,-87.593905,304,False,False,False,True,88.4,,1330 E 50TH St,Illinois,60615,,0039
625,610195,Elizabeth H Sutherland Elementary School,41.711445,-87.676821,648,False,True,False,True,93.5,,10015 S LEAVITT St,Illinois,60643,,0072
626,610244,Michele Clark Academic Prep Magnet High School,41.872885,-87.753325,430,True,False,False,False,72.8,82.4,5101 W HARRISON St,Illinois,60644,,0025
627,400141,YCCS-Truman Middle College HS,41.965295,-87.659239,165,True,False,False,False,51.4,,1145 W WILSON Ave,Illinois,60640,,0003
628,610534,Skinner North,41.905109,-87.644841,513,False,True,False,True,94.4,,640 W SCOTT St,Illinois,60610,,0008
629,610274,James Weldon Johnson STEAM Elementary School,41.861836,-87.703139,218,False,True,True,True,89.9,,1420 S ALBANY Ave,Illinois,60623,,0029
630,609792,Newton Bateman Elementary School,41.95822,-87.702151,895,False,True,True,True,92.8,,4220 N RICHMOND St,Illinois,60618,,0016
631,609935,Matthew Gallistel Elementary Language Academy,41.706801,-87.535175,609,False,True,True,True,91.4,,10347 S EWING Ave,Illinois,60617,,0052
632,400121,Acero Charter Schools - Sor Juana In√©s de la Cruz,42.016476,-87.684406,381,True,True,False,True,90.0,88.2,7416 N RIDGE Blvd,Illinois,60645-1919,,0001
633,610106,Brian Piccolo Elementary Specialty School,41.90014,-87.731261,667,False,True,True,True,89.6,,1040 N KEELER Ave,Illinois,60651,,0023
634,610040,Henry D Lloyd Elementary School,41.918814,-87.748515,853,False,False,True,True,90.3,,2103 N LAMON Ave,Illinois,60639,,0019
635,610563,Back of the Yards IB High School,41.808413,-87.677541,996,True,False,False,False,85.5,95.2,2111 W 47TH St,Illinois,60609,,0061
636,609704,David G Farragut Career Academy High School,41.84856,-87.708706,412,True,False,False,False,70.4,77.6,2345 S CHRISTIANA Ave,Illinois,60623,,0030
637,610103,Isabelle C O'Keeffe Elementary School,41.768602,-87.572806,596,False,True,True,True,89.6,,6940 S MERRILL Ave,Illinois,60649,,0043
638,610216,John A Walsh Elementary School,41.854836,-87.648086,260,False,True,True,True,90.5,,2015 S PEORIA St,Illinois,60608,,0031
639,610367,Oscar DePriest Elementary School,41.877979,-87.766298,424,False,True,True,True,86.5,,139 S PARKSIDE Ave,Illinois,60644,,0025
640,610392,World Language Academy High School,41.834397,-87.735292,363,True,False,False,False,86.0,85.2,3120 S KOSTNER Ave,Illinois,60623,,0030
641,610558,Sarah E. Goode STEM Academy,41.75375,-87.707345,898,True,False,False,False,85.7,94.9,7651 S HOMAN Ave,Illinois,60652,,0070
642,400104,Instituto Health Sciences Career Academy,41.845967,-87.68724,545,True,False,False,False,75.0,87.6,2520 S WESTERN Ave,Illinois,60608,,0031
643,609995,Rufus M Hitch Elementary School,41.983672,-87.779123,490,False,True,True,True,92.8,,5625 N MCVICKER Ave,Illinois,60646,,0010
644,609903,Richard Edwards Elementary School,41.805542,-87.725856,1242,False,True,True,True,90.6,,4815 S KARLOV Ave,Illinois,60632,,0057
645,610590,Bronzeville Classical Elementary School,41.819249,-87.626621,454,False,True,False,True,95.9,,8 W ROOT ,Illinois,60609-2931,,0038
646,609897,Charles W Earle Elementary School,41.781225,-87.675547,286,False,True,True,True,92.3,,2040 W 62ND St,Illinois,60636,,0067
